Course Code,Course description,Grade,Pathway or destination,Enrolment
ADA1O,Drama,Grade 9,Open (Grade 9 - 12 level),34532
ADA2O,Drama,Grade 10,Open (Grade 9 - 12 level),26808
ADA3M,Drama,Grade 11,University/College Preparation (Grade 11 & 12 level),11279
ADA3O,Drama,Grade 11,Open (Grade 9 - 12 level),2440
ADA4E,Drama,Grade 12,Workplace Preparation (Grade 11 & 12 level),206
ADA4M,Drama,Grade 12,University/College Preparation (Grade 11 & 12 level),8107
ADA4O,Drama,Grade 12,Open (Grade 9 - 12 level),<10
ADB1O,Drama - Musical Theatre,Grade 9,Open (Grade 9 - 12 level),229
ADB2O,Drama - Musical Theatre,Grade 10,Open (Grade 9 - 12 level),258
ADB3M,Drama - Musical Theatre,Grade 11,University/College Preparation (Grade 11 & 12 level),624
ADB3O,Drama - Musical Theatre,Grade 11,Open (Grade 9 - 12 level),134
ADB4M,Drama - Musical Theatre,Grade 12,University/College Preparation (Grade 11 & 12 level),610
ADC1O,Drama in the Community,Grade 9,Open (Grade 9 - 12 level),167
ADC2O,Drama in the Community,Grade 10,Open (Grade 9 - 12 level),142
ADC3M,Drama in the Community,Grade 11,University/College Preparation (Grade 11 & 12 level),165
ADC3O,Drama in the Community,Grade 11,Open (Grade 9 - 12 level),110
ADC4M,Drama in the Community,Grade 12,University/College Preparation (Grade 11 & 12 level),332
ADD1O,Drama - Production,Grade 9,Open (Grade 9 - 12 level),549
ADD2O,Drama - Production,Grade 10,Open (Grade 9 - 12 level),750
ADD3M,Drama - Production,Grade 11,University/College Preparation (Grade 11 & 12 level),1024
ADD3O,Drama - Production,Grade 11,Open (Grade 9 - 12 level),194
ADD4M,Drama - Production,Grade 12,University/College Preparation (Grade 11 & 12 level),1104
ADD4O,Drama - Production,Grade 12,Open (Grade 9 - 12 level),<10
ADF3M,Director's Craft,Grade 11,University/College Preparation (Grade 11 & 12 level),47
ADF4M,Director's Craft,Grade 12,University/College Preparation (Grade 11 & 12 level),198
ADG3M,Drama - Acting/Improvisation,Grade 11,University/College Preparation (Grade 11 & 12 level),207
ADG3O,Drama - Acting/Improvisation,Grade 11,Open (Grade 9 - 12 level),100
ADG4M,Drama - Acting/Improvisation,Grade 12,University/College Preparation (Grade 11 & 12 level),216
ADP3M,Drama - Playwriting/Theatre Development,Grade 11,University/College Preparation (Grade 11 & 12 level),63
ADP3O,Drama - Playwriting/Theatre Development,Grade 11,Open (Grade 9 - 12 level),<10
ADP4M,Drama - Playwriting/Theatre Development,Grade 12,University/College Preparation (Grade 11 & 12 level),115
ADT3M,Drama - Canadian Theatre,Grade 11,University/College Preparation (Grade 11 & 12 level),14
ADT4M,Drama - Canadian Theatre,Grade 12,University/College Preparation (Grade 11 & 12 level),17
ADV1O,Drama - Film/Video,Grade 9,Open (Grade 9 - 12 level),99
ADV2O,Drama - Film/Video,Grade 10,Open (Grade 9 - 12 level),142
ADV3M,Drama - Film/Video,Grade 11,University/College Preparation (Grade 11 & 12 level),473
ADV3O,Drama - Film/Video,Grade 11,Open (Grade 9 - 12 level),72
ADV4M,Drama - Film/Video,Grade 12,University/College Preparation (Grade 11 & 12 level),387
AEA3O,Exploring and Creating in the Arts,Grade 11,Open (Grade 9 - 12 level),129
AEA4O,Exploring and Creating in the Arts,Grade 12,Open (Grade 9 - 12 level),1583
ALC1O,Integrated Arts,Grade 9,Open (Grade 9 - 12 level),4204
ALC2O,Integrated Arts,Grade 10,Open (Grade 9 - 12 level),311
AMB1O,Instrumental Music - Brass,Grade 9,Open (Grade 9 - 12 level),98
AMB2O,Instrumental Music - Brass,Grade 10,Open (Grade 9 - 12 level),33
AMB3M,Instrumental Music - Brass,Grade 11,University/College Preparation (Grade 11 & 12 level),42
AMB4M,Instrumental Music - Brass,Grade 12,University/College Preparation (Grade 11 & 12 level),47
AMC1O,Music for Creating,Grade 9,Open (Grade 9 - 12 level),174
AMC2O,Music for Creating,Grade 10,Open (Grade 9 - 12 level),360
AMC3M,Music for Creating,Grade 11,University/College Preparation (Grade 11 & 12 level),251
AMC3O,Music for Creating,Grade 11,Open (Grade 9 - 12 level),128
AMC4M,Music for Creating,Grade 12,University/College Preparation (Grade 11 & 12 level),280
AMD1O,Electronic Music,Grade 9,Open (Grade 9 - 12 level),11
AMD2O,Electronic Music,Grade 10,Open (Grade 9 - 12 level),37
AMD3M,Electronic Music,Grade 11,University/College Preparation (Grade 11 & 12 level),81
AMD3O,Electronic Music,Grade 11,Open (Grade 9 - 12 level),45
AMD4M,Electronic Music,Grade 12,University/College Preparation (Grade 11 & 12 level),37
AME1O,Small Ensemble,Grade 9,Open (Grade 9 - 12 level),115
AME2O,Small Ensemble,Grade 10,Open (Grade 9 - 12 level),279
AME3M,Small Ensemble,Grade 11,University/College Preparation (Grade 11 & 12 level),219
AME3O,Small Ensemble,Grade 11,Open (Grade 9 - 12 level),157
AME4M,Small Ensemble,Grade 12,University/College Preparation (Grade 11 & 12 level),271
AMG1O,Guitar Music,Grade 9,Open (Grade 9 - 12 level),1820
AMG2O,Guitar Music,Grade 10,Open (Grade 9 - 12 level),8323
AMG3M,Guitar Music,Grade 11,University/College Preparation (Grade 11 & 12 level),1857
AMG3O,Guitar Music,Grade 11,Open (Grade 9 - 12 level),2965
AMG4M,Guitar Music,Grade 12,University/College Preparation (Grade 11 & 12 level),1484
AMH1O,Stage-Band Music,Grade 9,Open (Grade 9 - 12 level),67
AMH2O,Stage-Band Music,Grade 10,Open (Grade 9 - 12 level),392
AMH3M,Stage-Band Music,Grade 11,University/College Preparation (Grade 11 & 12 level),499
AMH3O,Stage-Band Music,Grade 11,Open (Grade 9 - 12 level),138
AMH4M,Stage-Band Music,Grade 12,University/College Preparation (Grade 11 & 12 level),593
AMI1O,Instrumental Music - Band,Grade 9,Open (Grade 9 - 12 level),13273
AMI2O,Instrumental Music - Band,Grade 10,Open (Grade 9 - 12 level),6859
AMI3M,Instrumental Music - Band,Grade 11,University/College Preparation (Grade 11 & 12 level),4321
AMI3O,Instrumental Music - Band,Grade 11,Open (Grade 9 - 12 level),179
AMI4M,Instrumental Music - Band,Grade 12,University/College Preparation (Grade 11 & 12 level),3286
AMJ2O,Vocal Jazz,Grade 10,Open (Grade 9 - 12 level),49
AMJ3M,Vocal Jazz,Grade 11,University/College Preparation (Grade 11 & 12 level),96
AMJ3O,Vocal Jazz,Grade 11,Open (Grade 9 - 12 level),20
AMJ4M,Vocal Jazz,Grade 12,University/College Preparation (Grade 11 & 12 level),163
AMK1O,Keyboard Music,Grade 9,Open (Grade 9 - 12 level),573
AMK2O,Keyboard Music,Grade 10,Open (Grade 9 - 12 level),1611
AMK3M,Keyboard Music,Grade 11,University/College Preparation (Grade 11 & 12 level),516
AMK3O,Keyboard Music,Grade 11,Open (Grade 9 - 12 level),252
AMK4M,Keyboard Music,Grade 12,University/College Preparation (Grade 11 & 12 level),337
AMM1O,Music and Computers,Grade 9,Open (Grade 9 - 12 level),98
AMM2O,Music and Computers,Grade 10,Open (Grade 9 - 12 level),725
AMM3M,Music and Computers,Grade 11,University/College Preparation (Grade 11 & 12 level),463
AMM3O,Music and Computers,Grade 11,Open (Grade 9 - 12 level),190
AMM4M,Music and Computers,Grade 12,University/College Preparation (Grade 11 & 12 level),270
AMO1O,Instrumental Music - Orchestra,Grade 9,Open (Grade 9 - 12 level),283
AMO2O,Instrumental Music - Orchestra,Grade 10,Open (Grade 9 - 12 level),138
AMO3M,Instrumental Music - Orchestra,Grade 11,University/College Preparation (Grade 11 & 12 level),116
AMO3O,Instrumental Music - Orchestra,Grade 11,Open (Grade 9 - 12 level),<10
AMO4M,Instrumental Music - Orchestra,Grade 12,University/College Preparation (Grade 11 & 12 level),91
AMP1O,Instrumental Music - Percussion,Grade 9,Open (Grade 9 - 12 level),202
AMP2O,Instrumental Music - Percussion,Grade 10,Open (Grade 9 - 12 level),315
AMP3M,Instrumental Music - Percussion,Grade 11,University/College Preparation (Grade 11 & 12 level),84
AMP3O,Instrumental Music - Percussion,Grade 11,Open (Grade 9 - 12 level),72
AMP4M,Instrumental Music - Percussion,Grade 12,University/College Preparation (Grade 11 & 12 level),57
AMQ1O,Music - Steel Drum,Grade 9,Open (Grade 9 - 12 level),245
AMQ2O,Music - Steel Drum,Grade 10,Open (Grade 9 - 12 level),271
AMQ3M,Music - Steel Drum,Grade 11,University/College Preparation (Grade 11 & 12 level),80
AMQ3O,Music - Steel Drum,Grade 11,Open (Grade 9 - 12 level),45
AMQ4M,Music - Steel Drum,Grade 12,University/College Preparation (Grade 11 & 12 level),52
AMR1O,Repertoire,Grade 9,Open (Grade 9 - 12 level),3854
AMR2O,Repertoire,Grade 10,Open (Grade 9 - 12 level),3646
AMR3M,Repertoire,Grade 11,University/College Preparation (Grade 11 & 12 level),2453
AMR3O,Repertoire,Grade 11,Open (Grade 9 - 12 level),839
AMR4M,Repertoire,Grade 12,University/College Preparation (Grade 11 & 12 level),2495
AMS1O,Instrumental Music - Strings,Grade 9,Open (Grade 9 - 12 level),1968
AMS2O,Instrumental Music - Strings,Grade 10,Open (Grade 9 - 12 level),1297
AMS3M,Instrumental Music - Strings,Grade 11,University/College Preparation (Grade 11 & 12 level),841
AMS3O,Instrumental Music - Strings,Grade 11,Open (Grade 9 - 12 level),38
AMS4M,Instrumental Music - Strings,Grade 12,University/College Preparation (Grade 11 & 12 level),632
AMT1O,Music Theatre,Grade 9,Open (Grade 9 - 12 level),87
AMT2O,Music Theatre,Grade 10,Open (Grade 9 - 12 level),257
AMT3M,Music Theatre,Grade 11,University/College Preparation (Grade 11 & 12 level),603
AMT3O,Music Theatre,Grade 11,Open (Grade 9 - 12 level),145
AMT4M,Music Theatre,Grade 12,University/College Preparation (Grade 11 & 12 level),632
AMU1O,Music,Grade 9,Open (Grade 9 - 12 level),15312
AMU2O,Music,Grade 10,Open (Grade 9 - 12 level),7042
AMU3M,Music,Grade 11,University/College Preparation (Grade 11 & 12 level),4156
AMU3O,Music,Grade 11,Open (Grade 9 - 12 level),650
AMU4E,Music,Grade 12,Workplace Preparation (Grade 11 & 12 level),119
AMU4M,Music,Grade 12,University/College Preparation (Grade 11 & 12 level),3110
AMV1O,Music - Vocal/Choral,Grade 9,Open (Grade 9 - 12 level),3965
AMV2O,Music - Vocal/Choral,Grade 10,Open (Grade 9 - 12 level),4567
AMV3M,Music - Vocal/Choral,Grade 11,University/College Preparation (Grade 11 & 12 level),2692
AMV3O,Music - Vocal/Choral,Grade 11,Open (Grade 9 - 12 level),647
AMV4M,Music - Vocal/Choral,Grade 12,University/College Preparation (Grade 11 & 12 level),2361
AMW1O,Music - Woodwinds,Grade 9,Open (Grade 9 - 12 level),120
AMW2O,Music - Woodwinds,Grade 10,Open (Grade 9 - 12 level),71
AMW3M,Music - Woodwinds,Grade 11,University/College Preparation (Grade 11 & 12 level),75
AMW3O,Music - Woodwinds,Grade 11,Open (Grade 9 - 12 level),<10
AMW4M,Music - Woodwinds,Grade 12,University/College Preparation (Grade 11 & 12 level),63
AMX3M,Music - External (Conservatory),Grade 11,University/College Preparation (Grade 11 & 12 level),258
AMX4M,Music - External (Conservatory),Grade 12,University/College Preparation (Grade 11 & 12 level),461
ASM2O,Media Arts,Grade 10,Open (Grade 9 - 12 level),9559
ASM3M,Media Arts,Grade 11,University/College Preparation (Grade 11 & 12 level),3246
ASM3O,Media Arts,Grade 11,Open (Grade 9 - 12 level),3645
ASM4E,Media Arts,Grade 12,Workplace Preparation (Grade 11 & 12 level),68
ASM4M,Media Arts,Grade 12,University/College Preparation (Grade 11 & 12 level),2336
ASM4O,Media Arts,Grade 12,Open (Grade 9 - 12 level),22
ATB1O,Dance - Ballet,Grade 9,Open (Grade 9 - 12 level),280
ATB2O,Dance - Ballet,Grade 10,Open (Grade 9 - 12 level),293
ATB3M,Dance - Ballet,Grade 11,University/College Preparation (Grade 11 & 12 level),284
ATB4M,Dance - Ballet,Grade 12,University/College Preparation (Grade 11 & 12 level),174
ATC1O,Dance,Grade 9,Open (Grade 9 - 12 level),3479
ATC2O,Dance,Grade 10,Open (Grade 9 - 12 level),5578
ATC3M,Dance,Grade 11,University/College Preparation (Grade 11 & 12 level),2445
ATC3O,Dance,Grade 11,Open (Grade 9 - 12 level),829
ATC4E,Dance,Grade 12,Workplace Preparation (Grade 11 & 12 level),42
ATC4M,Dance,Grade 12,University/College Preparation (Grade 11 & 12 level),1617
ATD2O,Dance - Composition,Grade 10,Open (Grade 9 - 12 level),11
ATD3M,Dance - Composition,Grade 11,University/College Preparation (Grade 11 & 12 level),38
ATD4M,Dance - Composition,Grade 12,University/College Preparation (Grade 11 & 12 level),156
ATF2O,Dance - African,Grade 10,Open (Grade 9 - 12 level),<10
ATF3M,Dance - African,Grade 11,University/College Preparation (Grade 11 & 12 level),<10
ATF3O,Dance - African,Grade 11,Open (Grade 9 - 12 level),<10
ATF4M,Dance - African,Grade 12,University/College Preparation (Grade 11 & 12 level),<10
ATH4M,Dance - History Development,Grade 12,University/College Preparation (Grade 11 & 12 level),<10
ATJ2O,Dance - Jazz,Grade 10,Open (Grade 9 - 12 level),115
ATJ3M,Dance - Jazz,Grade 11,University/College Preparation (Grade 11 & 12 level),29
ATJ3O,Dance - Jazz,Grade 11,Open (Grade 9 - 12 level),24
ATJ4M,Dance - Jazz,Grade 12,University/College Preparation (Grade 11 & 12 level),29
ATL3M,Dance - Central and South American,Grade 11,University/College Preparation (Grade 11 & 12 level),24
ATL3O,Dance - Central and South American,Grade 11,Open (Grade 9 - 12 level),<10
ATM1O,Dance - Modern,Grade 9,Open (Grade 9 - 12 level),249
ATM2O,Dance - Modern,Grade 10,Open (Grade 9 - 12 level),279
ATM3M,Dance - Modern,Grade 11,University/College Preparation (Grade 11 & 12 level),253
ATM4M,Dance - Modern,Grade 12,University/College Preparation (Grade 11 & 12 level),205
ATN2O,Aboriginal Peoples (North American),Grade 10,Open (Grade 9 - 12 level),<10
ATN3M,Aboriginal Peoples (North American),Grade 11,University/College Preparation (Grade 11 & 12 level),<10
ATO2O,Dance - Pacific Rim/Asian,Grade 10,Open (Grade 9 - 12 level),28
ATO3M,Dance - Pacific Rim/Asian,Grade 11,University/College Preparation (Grade 11 & 12 level),19
ATO3O,Dance - Pacific Rim/Asian,Grade 11,Open (Grade 9 - 12 level),10
ATO4M,Dance - Pacific Rim/Asian,Grade 12,University/College Preparation (Grade 11 & 12 level),<10
ATP1O,Dance - Performance Practice,Grade 9,Open (Grade 9 - 12 level),171
ATP2O,Dance - Performance Practice,Grade 10,Open (Grade 9 - 12 level),266
ATP3M,Dance - Performance Practice,Grade 11,University/College Preparation (Grade 11 & 12 level),237
ATP3O,Dance - Performance Practice,Grade 11,Open (Grade 9 - 12 level),<10
ATP4M,Dance - Performance Practice,Grade 12,University/College Preparation (Grade 11 & 12 level),226
ATR3M,Dance-Hip Hop and Urban,Grade 11,University/College Preparation (Grade 11 & 12 level),25
ATR3O,Dance-Hip Hop and Urban,Grade 11,Open (Grade 9 - 12 level),29
ATS2O,"Dance-Social Dance (Ballroom, Swing, Traditional Form)",Grade 10,Open (Grade 9 - 12 level),23
ATS3O,"Dance-Social Dance (Ballroom,Swing, Traditional Forms)",Grade 11,Open (Grade 9 - 12 level),<10
ATS4M,"Dance-Social Dance (Ballroom,Swing, Traditional Forms)",Grade 12,University/College Preparation (Grade 11 & 12 level),12
ATU2O,Dance - Music Theatre,Grade 10,Open (Grade 9 - 12 level),18
ATU3M,Dance - Music Theatre,Grade 11,University/College Preparation (Grade 11 & 12 level),34
ATU4M,Dance - Music Theatre,Grade 12,University/College Preparation (Grade 11 & 12 level),46
ATZ3O,Dance-World Cultures,Grade 11,Open (Grade 9 - 12 level),14
AVI1O,Visual Arts,Grade 9,Open (Grade 9 - 12 level),51968
AVI2O,Visual Arts,Grade 10,Open (Grade 9 - 12 level),33627
AVI3M,Visual Arts,Grade 11,University/College Preparation (Grade 11 & 12 level),18212
AVI3O,Visual Arts,Grade 11,Open (Grade 9 - 12 level),4983
AVI4E,Visual Arts,Grade 12,Workplace Preparation (Grade 11 & 12 level),569
AVI4M,Visual Arts,Grade 12,University/College Preparation (Grade 11 & 12 level),12614
AWA1O,Visual Arts - Crafts,Grade 9,Open (Grade 9 - 12 level),363
AWA2O,Visual Arts - Crafts,Grade 10,Open (Grade 9 - 12 level),2497
AWA3M,Visual Arts - Crafts,Grade 11,University/College Preparation (Grade 11 & 12 level),74
AWA3O,Visual Arts - Crafts,Grade 11,Open (Grade 9 - 12 level),1830
AWA4M,Visual Arts - Crafts,Grade 12,University/College Preparation (Grade 11 & 12 level),367
AWC2O,Visual Arts - Ceramics,Grade 10,Open (Grade 9 - 12 level),537
AWC3M,Visual Arts - Ceramics,Grade 11,University/College Preparation (Grade 11 & 12 level),382
AWC3O,Visual Arts - Ceramics,Grade 11,Open (Grade 9 - 12 level),552
AWC4M,Visual Arts - Ceramics,Grade 12,University/College Preparation (Grade 11 & 12 level),365
AWD1O,Visual Arts - Visual Design,Grade 9,Open (Grade 9 - 12 level),261
AWD2O,Visual Arts - Visual Design,Grade 10,Open (Grade 9 - 12 level),708
AWD3M,Visual Arts - Visual Design,Grade 11,University/College Preparation (Grade 11 & 12 level),1075
AWD3O,Visual Arts - Visual Design,Grade 11,Open (Grade 9 - 12 level),374
AWD4M,Visual Arts - Visual Design,Grade 12,University/College Preparation (Grade 11 & 12 level),1373
AWE2O,Visual Arts - Information/Consumer Design,Grade 10,Open (Grade 9 - 12 level),154
AWE3M,Visual Arts - Information/Consumer Design,Grade 11,University/College Preparation (Grade 11 & 12 level),282
AWE3O,Visual Arts - Information/Consumer Design,Grade 11,Open (Grade 9 - 12 level),196
AWE4M,Visual Arts - Information/Consumer Design,Grade 12,University/College Preparation (Grade 11 & 12 level),553
AWF2O,Visual Arts - Industrial Design,Grade 10,Open (Grade 9 - 12 level),62
AWF3M,Visual Arts - Industrial Design,Grade 11,University/College Preparation (Grade 11 & 12 level),34
AWF3O,Visual Arts - Industrial Design,Grade 11,Open (Grade 9 - 12 level),15
AWF4M,Visual Arts - Industrial Design,Grade 12,University/College Preparation (Grade 11 & 12 level),76
AWG3M,Visual Arts - Environmental Design,Grade 11,University/College Preparation (Grade 11 & 12 level),25
AWG3O,Visual Arts - Environmental Design,Grade 11,Open (Grade 9 - 12 level),28
AWG4M,Visual Arts - Environmental Design,Grade 12,University/College Preparation (Grade 11 & 12 level),<10
AWH2O,Visual Arts - Interior Design,Grade 10,Open (Grade 9 - 12 level),17
AWH3M,Visual Arts - Interior Design,Grade 11,University/College Preparation (Grade 11 & 12 level),80
AWH3O,Visual Arts - Interior Design,Grade 11,Open (Grade 9 - 12 level),46
AWH4M,Visual Arts - Interior Design,Grade 12,University/College Preparation (Grade 11 & 12 level),100
AWI1O,Visual Arts - Fashion and Textile Design,Grade 9,Open (Grade 9 - 12 level),57
AWI2O,Visual Arts - Fashion and Textile Design,Grade 10,Open (Grade 9 - 12 level),237
AWI3M,Visual Arts - Fashion and Textile Design,Grade 11,University/College Preparation (Grade 11 & 12 level),121
AWI3O,Visual Arts - Fashion and Textile Design,Grade 11,Open (Grade 9 - 12 level),237
AWI4M,Visual Arts - Fashion and Textile Design,Grade 12,University/College Preparation (Grade 11 & 12 level),132
AWJ2O,Visual Arts - Stage Design,Grade 10,Open (Grade 9 - 12 level),18
AWJ3M,Visual Arts - Stage Design,Grade 11,University/College Preparation (Grade 11 & 12 level),57
AWJ3O,Visual Arts - Stage Design,Grade 11,Open (Grade 9 - 12 level),78
AWJ4M,Visual Arts - Stage Design,Grade 12,University/College Preparation (Grade 11 & 12 level),55
AWK1O,Visual Arts - Illustration,Grade 9,Open (Grade 9 - 12 level),26
AWK2O,Visual Arts - Illustration,Grade 10,Open (Grade 9 - 12 level),157
AWK3M,Visual Arts - Illustration,Grade 11,University/College Preparation (Grade 11 & 12 level),128
AWK3O,Visual Arts - Illustration,Grade 11,Open (Grade 9 - 12 level),135
AWK4M,Visual Arts - Illustration,Grade 12,University/College Preparation (Grade 11 & 12 level),255
AWL1O,Visual Arts - Drawing,Grade 9,Open (Grade 9 - 12 level),58
AWL2O,Visual Arts - Drawing,Grade 10,Open (Grade 9 - 12 level),171
AWL3M,Visual Arts - Drawing,Grade 11,University/College Preparation (Grade 11 & 12 level),412
AWL3O,Visual Arts - Drawing,Grade 11,Open (Grade 9 - 12 level),175
AWL4M,Visual Arts - Drawing,Grade 12,University/College Preparation (Grade 11 & 12 level),372
AWM1O,Visual Arts - Drawing and Painting,Grade 9,Open (Grade 9 - 12 level),298
AWM2O,Visual Arts - Drawing and Painting,Grade 10,Open (Grade 9 - 12 level),527
AWM3M,Visual Arts - Drawing and Painting,Grade 11,University/College Preparation (Grade 11 & 12 level),836
AWM3O,Visual Arts - Drawing and Painting,Grade 11,Open (Grade 9 - 12 level),305
AWM4M,Visual Arts - Drawing and Painting,Grade 12,University/College Preparation (Grade 11 & 12 level),1336
AWN2O,Visual Arts - Painting,Grade 10,Open (Grade 9 - 12 level),26
AWN3M,Visual Arts - Painting,Grade 11,University/College Preparation (Grade 11 & 12 level),118
AWN3O,Visual Arts - Painting,Grade 11,Open (Grade 9 - 12 level),101
AWN4M,Visual Arts - Painting,Grade 12,University/College Preparation (Grade 11 & 12 level),426
AWO1O,Visual Arts - Printmaking,Grade 9,Open (Grade 9 - 12 level),18
AWO2O,Visual Arts - Printmaking,Grade 10,Open (Grade 9 - 12 level),140
AWO3M,Visual Arts - Printmaking,Grade 11,University/College Preparation (Grade 11 & 12 level),239
AWO3O,Visual Arts - Printmaking,Grade 11,Open (Grade 9 - 12 level),220
AWO4M,Visual Arts - Printmaking,Grade 12,University/College Preparation (Grade 11 & 12 level),210
AWP2O,Visual Arts - Sculpture,Grade 10,Open (Grade 9 - 12 level),252
AWP3M,Visual Arts - Sculpture,Grade 11,University/College Preparation (Grade 11 & 12 level),317
AWP3O,Visual Arts - Sculpture,Grade 11,Open (Grade 9 - 12 level),254
AWP4M,Visual Arts - Sculpture,Grade 12,University/College Preparation (Grade 11 & 12 level),333
AWQ1O,Visual Arts - Photography,Grade 9,Open (Grade 9 - 12 level),57
AWQ2O,Visual Arts - Photography,Grade 10,Open (Grade 9 - 12 level),3833
AWQ3M,Visual Arts - Photography,Grade 11,University/College Preparation (Grade 11 & 12 level),7395
AWQ3O,Visual Arts - Photography,Grade 11,Open (Grade 9 - 12 level),5490
AWQ4M,Visual Arts - Photography,Grade 12,University/College Preparation (Grade 11 & 12 level),4562
AWR1O,Visual Arts - Film/Video,Grade 9,Open (Grade 9 - 12 level),40
AWR2O,Visual Arts - Film/Video,Grade 10,Open (Grade 9 - 12 level),178
AWR3M,Visual Arts - Film/Video,Grade 11,University/College Preparation (Grade 11 & 12 level),903
AWR3O,Visual Arts - Film/Video,Grade 11,Open (Grade 9 - 12 level),531
AWR4M,Visual Arts - Film/Video,Grade 12,University/College Preparation (Grade 11 & 12 level),1031
AWS1O,Visual Arts - Digital Media,Grade 9,Open (Grade 9 - 12 level),584
AWS2O,Visual Arts - Digital Media,Grade 10,Open (Grade 9 - 12 level),1075
AWS3M,Visual Arts - Digital Media,Grade 11,University/College Preparation (Grade 11 & 12 level),1075
AWS3O,Visual Arts - Digital Media,Grade 11,Open (Grade 9 - 12 level),363
AWS4M,Visual Arts - Digital Media,Grade 12,University/College Preparation (Grade 11 & 12 level),786
AWT1O,Visual Arts - Non-Traditional,Grade 9,Open (Grade 9 - 12 level),136
AWT2O,Visual Arts - Non-Traditional,Grade 10,Open (Grade 9 - 12 level),612
AWT3M,Visual Arts - Non-Traditional,Grade 11,University/College Preparation (Grade 11 & 12 level),407
AWT3O,Visual Arts - Non-Traditional,Grade 11,Open (Grade 9 - 12 level),322
AWT4M,Visual Arts - Non-Traditional,Grade 12,University/College Preparation (Grade 11 & 12 level),926
AWU2O,Visual Arts - Cultural/Historical Studies,Grade 10,Open (Grade 9 - 12 level),78
AWU3M,Visual Arts - Cultural/Historical Studies,Grade 11,University/College Preparation (Grade 11 & 12 level),12
AWU3O,Visual Arts - Cultural/Historical Studies,Grade 11,Open (Grade 9 - 12 level),47
AWU4M,Visual Arts - Cultural/Historical Studies,Grade 12,University/College Preparation (Grade 11 & 12 level),180
BAF3M,Financial Accounting Fundamentals,Grade 11,University/College Preparation (Grade 11 & 12 level),26863
BAI3E,Accounting Essentials,Grade 11,Workplace Preparation (Grade 11 & 12 level),554
BAN4E,Accounting for a Small Business,Grade 12,Workplace Preparation (Grade 11 & 12 level),82
BAT4M,Financial Accounting Principles,Grade 12,University/College Preparation (Grade 11 & 12 level),10479
BBB4E,International Business Essentials,Grade 12,Workplace Preparation (Grade 11 & 12 level),71
BBB4M,International Business Fundamentals,Grade 12,University/College Preparation (Grade 11 & 12 level),17865
BBI1O,Introduction to Business,Grade 9,Open (Grade 9 - 12 level),3860
BBI2O,Introduction to Business,Grade 10,Open (Grade 9 - 12 level),25103
BDI3C,Entrepreneurship: The Venture,Grade 11,College Preparation (Grade 11 & 12 level),9887
BDP3O,Entrepreneurship: The Enterprising Person,Grade 11,Open (Grade 9 - 12 level),1206
BDV4C,Entrepreneurship: Venture Planning in an Electronic Age,Grade 12,College Preparation (Grade 11 & 12 level),2067
BMI3C,"Marketing: Goods, Services, Events",Grade 11,College Preparation (Grade 11 & 12 level),16507
BMX3E,Marketing: Retail and Service,Grade 11,Workplace Preparation (Grade 11 & 12 level),1969
BOG4E,Business Leadership: Becoming a Manager,Grade 12,Workplace Preparation (Grade 11 & 12 level),933
BOH4M,Business Leadership: Management Fundamentals,Grade 12,University/College Preparation (Grade 11 & 12 level),17777
BTA3O,Information and Communication Technology: The Digital Environment,Grade 11,Open (Grade 9 - 12 level),7601
BTT1O,Information and Communication Technology in Business,Grade 9,Open (Grade 9 - 12 level),43556
BTT2O,Information and Communication Technology in Business,Grade 10,Open (Grade 9 - 12 level),5019
BTX4C,Information and Communication Technology: Multimedia Solutions,Grade 12,College Preparation (Grade 11 & 12 level),524
BTX4E,Information and Communication Technology in the Workplace,Grade 12,Workplace Preparation (Grade 11 & 12 level),330
CCL3O,Cours de comp‚tences linguistiques des ‚coles secondaires de l'Ontario,Grade 11,Open (Grade 9 - 12 level),13
CCL4O,Cours de comp‚tences linguistiques des ‚coles secondaires de l'Ontario,Grade 12,Open (Grade 9 - 12 level),962
CGC1D,Issues in Canadian Geography,Grade 9,Academic (Grade 9 & 10 level),105394
CGC1P,Issues in Canadian Geography,Grade 9,Applied (Grade 9 & 10 level),46720
CGD3M,Regional Geography,Grade 11,University/College Preparation (Grade 11 & 12 level),130
CGF3M,Forces of Nature: Physical Processes and Disasters,Grade 11,University/College Preparation (Grade 11 & 12 level),3920
CGG3O,Travel and Tourism: A Geographic Perspective,Grade 11,Open (Grade 9 - 12 level),14727
CGO4M,Spatial Technologies in Action,Grade 12,University/College Preparation (Grade 11 & 12 level),432
CGR4E,Living in a Sustainable World,Grade 12,Workplace Preparation (Grade 11 & 12 level),445
CGR4M,The Environment and Resource Management,Grade 12,University/College Preparation (Grade 11 & 12 level),5744
CGT3E,Geographic: The Geographer's Toolkit,Grade 11,Workplace Preparation (Grade 11 & 12 level),247
CGU4C,World Geography: Urban Patterns and Interactions,Grade 12,College Preparation (Grade 11 & 12 level),498
CGU4U,World Geography: Human Patterns and Interactions,Grade 12,University Preparation (Grade 11 & 12 level),1043
CGW4U,World Issues: A Geographic Analysis,Grade 12,University Preparation (Grade 11 & 12 level),16327
CHA3U,American History,Grade 11,University Preparation (Grade 11 & 12 level),6826
CHC2D,Canadian History Since World War I,Grade 10,Academic (Grade 9 & 10 level),100861
CHC2P,Canadian History Since World War I,Grade 10,Applied (Grade 9 & 10 level),47050
CHF4U,L'Ontario fran‡ais,Grade 12,University Preparation (Grade 11 & 12 level),<10
CHH3C,Canadian History and Politics Since 1945,Grade 11,College Preparation (Grade 11 & 12 level),107
CHH3E,Canadian History and Politics Since 1945,Grade 11,Workplace Preparation (Grade 11 & 12 level),34
CHI4U,"Canada: History, Identity and Culture",Grade 12,University Preparation (Grade 11 & 12 level),3101
CHM4E,Adventures in World History,Grade 12,Workplace Preparation (Grade 11 & 12 level),1699
CHT3O,World History since 1900: Global and Regional Interactions,Grade 11,Open (Grade 9 - 12 level),2535
CHV2O,Civics and Citizenship,Grade 10,Open (Grade 9 - 12 level),148356
CHW3M,World History to the End of the Fifteenth Century,Grade 11,University/College Preparation (Grade 11 & 12 level),20434
CHY4C,World History since the Fifteenth Century,Grade 12,College Preparation (Grade 11 & 12 level),2192
CHY4U,World History since the Fifteenth Century,Grade 12,University Preparation (Grade 11 & 12 level),18640
CIA4U,Analysing Current Economic Issues,Grade 12,University Preparation (Grade 11 & 12 level),11242
CIC3E,Making Economic Choices,Grade 11,Workplace Preparation (Grade 11 & 12 level),73
CIE3M,The Individual and the Economy,Grade 11,University/College Preparation (Grade 11 & 12 level),2986
CLN4U,Canadian and International Law,Grade 12,University Preparation (Grade 11 & 12 level),23558
CLU3E,Understanding Canadian Law in Everyday Life,Grade 11,Workplace Preparation (Grade 11 & 12 level),2101
CLU3M,Understanding Canadian Law,Grade 11,University/College Preparation (Grade 11 & 12 level),32764
CPC3O,Politics in Action: Making Change,Grade 11,Open (Grade 9 - 12 level),148
CPW4U,Canadian and World Politics,Grade 12,University Preparation (Grade 11 & 12 level),5299
EAB3O,Communications for the World of Business and Technology,Grade 11,Open (Grade 9 - 12 level),16
EAC4C,The Writer's Craft,Grade 12,College Preparation (Grade 11 & 12 level),16
EAC4U,The Writer's Craft,Grade 12,University Preparation (Grade 11 & 12 level),360
EAE1D,English,Grade 9,Academic (Grade 9 & 10 level),4146
EAE1P,English,Grade 9,Applied (Grade 9 & 10 level),1297
EAE2D,English,Grade 10,Academic (Grade 9 & 10 level),4057
EAE2P,English,Grade 10,Applied (Grade 9 & 10 level),1415
EAE3C,English,Grade 11,College Preparation (Grade 11 & 12 level),1821
EAE3E,English,Grade 11,Workplace Preparation (Grade 11 & 12 level),109
EAE3R,"English, Grade 11 Transfer Course, Workplace Preparation to College Preparation",Grade 11,College Preparation (Transfer) (2nd course),<10
EAE3U,English,Grade 11,University Preparation (Grade 11 & 12 level),3480
EAE4C,English,Grade 12,College Preparation (Grade 11 & 12 level),1687
EAE4E,English,Grade 12,Workplace Preparation (Grade 11 & 12 level),60
EAE4U,English,Grade 12,University Preparation (Grade 11 & 12 level),2952
EAL4U,English Literature,Grade 12,University Preparation (Grade 11 & 12 level),137
EANAO,Anglais pour d‚butants 1 (APD1),Level 1,Open (Grade 9 - 12 level),248
EANBO,Anglais pour d‚butants 2 (APD2),Level 2,Open (Grade 9 - 12 level),263
EANCO,Anglais pour d‚butants 3 (APD3),Level 3,Open (Grade 9 - 12 level),96
EANDO,Anglais pour d‚butants 4 (APD4),Level 4,Open (Grade 9 - 12 level),77
EAT3M,Canadian Literature,Grade 11,University/College Preparation (Grade 11 & 12 level),22
EBT4O,Business and Technological Communication,Grade 12,Open (Grade 9 - 12 level),694
ELDAO,"English Literacy Development, ELD Level 1",Level 1,Open (Grade 9 - 12 level),640
ELDBO,"English Literacy Development, ELD Level 2",Level 2,Open (Grade 9 - 12 level),525
ELDCO,"English Literacy Development, ELD Level 3",Level 3,Open (Grade 9 - 12 level),487
ELDDO,"English Literacy Development, ELD Level 4",Level 4,Open (Grade 9 - 12 level),377
ELDEO,"English Literacy Development, ELD Level 5",Level 5,Open (Grade 9 - 12 level),171
ELS2O,"Literacy Skills, Grade 10, Open",Grade 10,Open (Grade 9 - 12 level),2271
ELS3O,Literacy Schools: Reading and Writing,Grade 11,Open (Grade 9 - 12 level),230
EMS3O,Media Studies,Grade 11,Open (Grade 9 - 12 level),10236
ENG1D,English,Grade 9,Academic (Grade 9 & 10 level),104394
ENG1P,English,Grade 9,Applied (Grade 9 & 10 level),35308
ENG2D,English,Grade 10,Academic (Grade 9 & 10 level),108545
ENG2H,"English Transfer, Grade 10, Applied to Academic",Grade 10,Academic (Transfer),<10
ENG2P,English,Grade 10,Applied (Grade 9 & 10 level),41985
ENG3C,English,Grade 11,College Preparation (Grade 11 & 12 level),55531
ENG3E,English,Grade 11,Workplace Preparation (Grade 11 & 12 level),8750
ENG3K,"English Transfer, Grade 11, College Preparation to University Preparation",Grade 11,University Preparation (Transfer),<10
ENG3R,"English Transfer, Grade 11, Workplace Preparation to College Preparation",Grade 11,College Preparation (Transfer) (2nd course),<10
ENG3U,English,Grade 11,University Preparation (Grade 11 & 12 level),102288
ENG4C,English,Grade 12,College Preparation (Grade 11 & 12 level),65248
ENG4E,English,Grade 12,Workplace Preparation (Grade 11 & 12 level),5393
ENG4U,English,Grade 12,University Preparation (Grade 11 & 12 level),92259
EPS3O,Presentation and Speaking Skills,Grade 11,Open (Grade 9 - 12 level),1472
ESLAO,"English as a Second Language, ESL Level 1",Level 1,Open (Grade 9 - 12 level),2545
ESLBO,"English as a Second Language, ESL Level 2",Level 2,Open (Grade 9 - 12 level),4364
ESLCO,"English as a Second Language, ESL Level 3",Level 3,Open (Grade 9 - 12 level),6698
ESLDO,"English as a Second Language, ESL Level 4",Level 4,Open (Grade 9 - 12 level),7308
ESLEO,"English as a Second Language, ESL Level 5",Level 5,Open (Grade 9 - 12 level),5409
ETC3M,Canadian Literature,Grade 11,University/College Preparation (Grade 11 & 12 level),106
ETS4C,Studies in Literature,Grade 12,College Preparation (Grade 11 & 12 level),233
ETS4U,Studies in Literature,Grade 12,University Preparation (Grade 11 & 12 level),4531
EWC4C,The Writer's Craft,Grade 12,College Preparation (Grade 11 & 12 level),1504
EWC4U,The Writer's Craft,Grade 12,University Preparation (Grade 11 & 12 level),16628
FAE4O,Atelier d'‚criture,Grade 12,Open (Grade 9 - 12 level),18
FAF4O,Fran‡ais des affaires et de la technologie,Grade 12,Open (Grade 9 - 12 level),14
FCC3O,"Comp‚tence fonctionnelle en communication orale, en lecture et en ‚criture",Grade 11,Open (Grade 9 - 12 level),19
FEF1D,Extended French,Grade 9,Academic (Grade 9 & 10 level),3458
FEF2D,Extended French,Grade 10,Academic (Grade 9 & 10 level),2869
FEF3U,Extended French,Grade 11,University Preparation (Grade 11 & 12 level),2269
FEF4U,Extended French,Grade 12,University Preparation (Grade 11 & 12 level),2019
FFAAO,Actualisation linguistique en fran‡ais (ALF1),Level 1,Open (Grade 9 - 12 level),19
FFABO,Actualisation linguistique en fran‡ais (ALF2),Level 2,Open (Grade 9 - 12 level),13
FFACO,Actualisation linguistique en fran‡ais (ALF3),Level 3,Open (Grade 9 - 12 level),<10
FFADO,Actualisation linguistique en fran‡ais (ALF4),Level 4,Open (Grade 9 - 12 level),10
FFM3O,Fran‡ais des m‚dias,Grade 11,Open (Grade 9 - 12 level),65
FFPAO,Programme d'appui aux nouveaux arrivants 1,Level 1,Open (Grade 9 - 12 level),38
FFPBO,Programme d'appui aux nouveaux arrivants 2,Level 2,Open (Grade 9 - 12 level),51
FFPCO,Programme d'appui aux nouveaux arrivants 3,Level 3,Open (Grade 9 - 12 level),14
FFPDO,Programme d'appui aux nouveaux arrivants 4,Level 4,Open (Grade 9 - 12 level),<10
FIF1D,French Immersion,Grade 9,Academic (Grade 9 & 10 level),8081
FIF2D,French Immersion,Grade 10,Academic (Grade 9 & 10 level),7186
FIF3U,French Immersion,Grade 11,University Preparation (Grade 11 & 12 level),6401
FIF4U,French Immersion,Grade 12,University Preparation (Grade 11 & 12 level),5619
FLC4M,Litt‚rature du Canada Fran‡ais,Grade 12,University/College Preparation (Grade 11 & 12 level),10
FLO4U,Grandes oeuvres de la litt‚rature,Grade 12,University Preparation (Grade 11 & 12 level),95
FRA1D,Fran‡ais,Grade 9,Academic (Grade 9 & 10 level),4245
FRA1P,Fran‡ais,Grade 9,Applied (Grade 9 & 10 level),1424
FRA2D,Fran‡ais,Grade 10,Academic (Grade 9 & 10 level),4120
FRA2H,"Fran‡ais, 10e ann‚e, transition du cours appliqu‚ au cours th‚orique",Grade 10,Academic (Transfer),<10
FRA2P,Fran‡ais,Grade 10,Applied (Grade 9 & 10 level),1658
FRA3C,Fran‡ais,Grade 11,College Preparation (Grade 11 & 12 level),2102
FRA3E,Fran‡ais,Grade 11,Workplace Preparation (Grade 11 & 12 level),502
FRA3U,Fran‡ais,Grade 11,University Preparation (Grade 11 & 12 level),3713
FRA4C,Fran‡ais,Grade 12,College Preparation (Grade 11 & 12 level),2052
FRA4E,Fran‡ais,Grade 12,Workplace Preparation (Grade 11 & 12 level),233
FRA4U,Fran‡ais,Grade 12,University Preparation (Grade 11 & 12 level),3375
FSF1D,Core French,Grade 9,Academic (Grade 9 & 10 level),69608
FSF1P,Core French,Grade 9,Applied (Grade 9 & 10 level),41178
FSF2D,Core French,Grade 10,Academic (Grade 9 & 10 level),27708
FSF2P,Core French,Grade 10,Applied (Grade 9 & 10 level),827
FSF3O,Core French,Grade 11,Open (Grade 9 - 12 level),270
FSF3U,Core French,Grade 11,University Preparation (Grade 11 & 12 level),15407
FSF4O,Core French,Grade 12,Open (Grade 9 - 12 level),85
FSF4U,Core French,Grade 12,University Preparation (Grade 11 & 12 level),10489
GLC2O,Career Studies,Grade 10,Open (Grade 9 - 12 level),167593
GLD2O,Discovering the Workplace,Grade 10,Open (Grade 9 - 12 level),6207
GLE1O,Learning Strategies 1: Skills for Success in Secondary School,Grade 9,Open (Grade 9 - 12 level),14281
GLE2O,Learning Strategies 2: Skills for Success in Secondary School,Grade 10,Open (Grade 9 - 12 level),8381
GLE3O,Advanced Learning Strategies: Skills for Success After Secondary School,Grade 11,Open (Grade 9 - 12 level),6196
GLE4O,Advanced Learning Strategies: Skills for Success After Secondary School,Grade 12,Open (Grade 9 - 12 level),3597
GLN4O,Navigating the Workplace,Grade 12,Open (Grade 9 - 12 level),11811
GLS1O,Learning Strategies 1: Skills for Success in Secondary School,Grade 9,Open (Grade 9 - 12 level),13089
GLS4O,Advanced Learning Strategies: Skills for Success After Secondary School,Grade 12,Open (Grade 9 - 12 level),4809
GPP3O,Leadership and Peer Support,Grade 11,Open (Grade 9 - 12 level),18519
GWL3O,Designing Your Future,Grade 11,Open (Grade 9 - 12 level),12235
HFA4M,Food and Nutrition Sciences,Grade 12,University/College Preparation (Grade 11 & 12 level),16781
HFN1O,Food and Nutrition,Grade 9,Open (Grade 9 - 12 level),6741
HFN2O,Food and Nutrition,Grade 10,Open (Grade 9 - 12 level),25146
HHG4M,Human Development Throughout the Lifespan,Grade 12,University/College Preparation (Grade 11 & 12 level),7960
HHS4M,Individuals and Families in a Diverse Society,Grade 12,University/College Preparation (Grade 11 & 12 level),23749
HIF1O,Exploring Family Studies,Grade 9,Open (Grade 9 - 12 level),10084
HIF2O,Exploring Family Studies,Grade 10,Open (Grade 9 - 12 level),2407
HIP3E,Managing Personal Resources,Grade 11,Workplace Preparation (Grade 11 & 12 level),5062
HIR3C,Managing Personal and Family Resources,Grade 11,College Preparation (Grade 11 & 12 level),4383
HLS3O,Housing and Home Design,Grade 11,Open (Grade 9 - 12 level),2136
HNB4O,The Fashion Industry,Grade 12,Open (Grade 9 - 12 level),2019
HNC3O,Fashion and Creative Expression,Grade 11,Open (Grade 9 - 12 level),6247
HPC3O,Raising Healthy Children,Grade 11,Open (Grade 9 - 12 level),21803
HPD4E,Parenting and Human Development,Grade 12,Workplace Preparation (Grade 11 & 12 level),2446
HPW3C,Working with Infants and Young Children,Grade 11,College Preparation (Grade 11 & 12 level),7736
HRE1O,Religious Education,Grade 9,Open (Grade 9 - 12 level),47153
HRE2O,Religious Education,Grade 10,Open (Grade 9 - 12 level),47230
HRE3M,Religious Education,Grade 11,University/College Preparation (Grade 11 & 12 level),6023
HRE3O,Religious Education,Grade 11,Open (Grade 9 - 12 level),3232
HRE4M,Religious Education,Grade 12,University/College Preparation (Grade 11 & 12 level),26085
HRE4O,Religious Education,Grade 12,Open (Grade 9 - 12 level),14552
HRF3O,World Religions and Belief Traditions in Daily Life,Grade 11,Open (Grade 9 - 12 level),16364
HRT3M,"World Religions and Belief Traditions: Perspectives, Issues, and Challenges",Grade 11,University/College Preparation (Grade 11 & 12 level),29702
HSB4M,Challenge and Change in Society,Grade 12,University/College Preparation (Grade 11 & 12 level),24422
HSP3M,"Introduction to Anthropology, Psychology, and Sociology",Grade 11,University/College Preparation (Grade 11 & 12 level),48804
HZB3O,Philosophy: The Big Questions,Grade 11,Open (Grade 9 - 12 level),4378
HZT4U,Philosophy: Questions and Theories,Grade 12,University Preparation (Grade 11 & 12 level),20542
ICE3E,Computer Engineering,Grade 11,Workplace Preparation (Grade 11 & 12 level),14
ICS2O,Introduction to Computer Studies,Grade 10,Open (Grade 9 - 12 level),12436
ICS3C,Introduction to Computer Programming,Grade 11,College Preparation (Grade 11 & 12 level),2710
ICS3M,Computer and Information Science,Grade 11,University/College Preparation (Grade 11 & 12 level),<10
ICS3U,Introduction to Computer Science,Grade 11,University Preparation (Grade 11 & 12 level),13320
ICS4C,Computer Programming,Grade 12,College Preparation (Grade 11 & 12 level),619
ICS4U,Computer Science,Grade 12,University Preparation (Grade 11 & 12 level),5753
IDC3O,Interdisciplinary Studies,Grade 11,Open (Grade 9 - 12 level),6466
IDC4O,Interdisciplinary Studies,Grade 12,Open (Grade 9 - 12 level),3454
IDC4U,Interdisciplinary Studies,Grade 12,University Preparation (Grade 11 & 12 level),16604
IDP3O,Interdisciplinary Studies,Grade 11,Open (Grade 9 - 12 level),604
IDP4O,Interdisciplinary Studies,Grade 12,Open (Grade 9 - 12 level),308
IDP4U,Interdisciplinary Studies,Grade 12,University Preparation (Grade 11 & 12 level),1145
KALAN,Creative Arts for Enjoyment and Expression,Level 1,Special Education Non-credit Course (all levels),1804
KALBN,Creative Arts for Enjoyment and Expression,Level 2,Special Education Non-credit Course (all levels),1117
KALCN,Creative Arts for Enjoyment and Expression,Level 3,Special Education Non-credit Course (all levels),740
KALDN,Creative Arts for Enjoyment and Expression,Level 4,Special Education Non-credit Course (all levels),740
KALEN,Creative Arts for Enjoyment and Expression,Level 5,Special Education Non-credit Course (all levels),526
KALFN,Creative Arts for Enjoyment and Expression,Level 6,Special Education Non-credit Course (all levels),271
KALGN,Creative Arts for Enjoyment and Expression,Level 7,Special Education Non-credit Course (all levels),146
KALHN,Creative Arts for Enjoyment and Expression,Level 8,Special Education Non-credit Course (all levels),12
KALIN,Creative Arts for Enjoyment and Expression,Level 9,Special Education Non-credit Course (all levels),30
KALJN,Creative Arts for Enjoyment and Expression,Level 10,Special Education Non-credit Course (all levels),32
KALKN,Creative Arts for Enjoyment and Expression,Level 11,Special Education Non-credit Course (all levels),75
KALLN,Creative Arts for Enjoyment and Expression,Level 12,Special Education Non-credit Course (all levels),<10
KALMN,Creative Arts for Enjoyment and Expression,Level 13,Special Education Non-credit Course (all levels),10
KALNN,Creative Arts for Enjoyment and Expression,Level 14,Special Education Non-credit Course (all levels),<10
KALON,Creative Arts for Enjoyment and Expression,Level 15,Special Education Non-credit Course (all levels),<10
KBBAN,Money Management and Personal Banking,Level 1,Special Education Non-credit Course (all levels),372
KBBBN,Money Management and Personal Banking,Level 2,Special Education Non-credit Course (all levels),259
KBBCN,Money Management and Personal Banking,Level 3,Special Education Non-credit Course (all levels),180
KBBDN,Money Management and Personal Banking,Level 4,Special Education Non-credit Course (all levels),240
KBBEN,Money Management and Personal Banking,Level 5,Special Education Non-credit Course (all levels),151
KBBFN,Money Management and Personal Banking,Level 7,Special Education Non-credit Course (all levels),431
KBBGN,Money Management and Personal Banking,Level 7,Special Education Non-credit Course (all levels),41
KBBIN,Money Management and Personal Banking,Level 9,Special Education Non-credit Course (all levels),<10
KBBJN,Money Management and Personal Banking,Level 10,Special Education Non-credit Course (all levels),<10
KBBKN,Money Management and Personal Banking,Level 11,Special Education Non-credit Course (all levels),<10
KBBNN,Money Management and Personal Banking,Level 14,Special Education Non-credit Course (all levels),<10
KCCAN,Transit Training and Community Exploration,Level 1,Special Education Non-credit Course (all levels),347
KCCBN,Transit Training and Community Exploration,Level 2,Special Education Non-credit Course (all levels),215
KCCCN,Transit Training and Community Exploration,Level 3,Special Education Non-credit Course (all levels),381
KCCDN,Transit Training and Community Exploration,Level 4,Special Education Non-credit Course (all levels),251
KCCEN,Transit Training and Community Exploration,Level 5,Special Education Non-credit Course (all levels),169
KCCFN,Transit Training and Community Exploration,Level 6,Special Education Non-credit Course (all levels),206
KCCGN,Transit Training and Community Exploration,Level 7,Special Education Non-credit Course (all levels),62
KCCHN,Transit Training and Community Exploration,Level 8,Special Education Non-credit Course (all levels),18
KCCIN,Transit Training and Community Exploration,Level 9,Special Education Non-credit Course (all levels),<10
KCWAN,Exploring Our World,Level 1,Special Education Non-credit Course (all levels),1165
KCWBN,Exploring Our World,Level 2,Special Education Non-credit Course (all levels),468
KCWCN,Exploring Our World,Level 3,Special Education Non-credit Course (all levels),482
KCWDN,Exploring Our World,Level 4,Special Education Non-credit Course (all levels),595
KCWEN,Exploring Our World,Level 5,Special Education Non-credit Course (all levels),204
KCWFN,Exploring Our World,Level 6,Special Education Non-credit Course (all levels),284
KCWGN,Exploring Our World,Level 7,Special Education Non-credit Course (all levels),106
KCWKN,Exploring Our World,Level 11,Special Education Non-credit Course (all levels),<10
KCWLN,Exploring Our World,Level 12,Special Education Non-credit Course (all levels),14
KCWMN,Exploring Our World,Level 13,Special Education Non-credit Course (all levels),12
KENAN,Language and Communication Development,Level 1,Special Education Non-credit Course (all levels),3890
KENBN,Language and Communication Development,Level 2,Special Education Non-credit Course (all levels),1943
KENCN,Language and Communication Development,Level 3,Special Education Non-credit Course (all levels),1699
KENDN,Language and Communication Development,Level 4,Special Education Non-credit Course (all levels),1913
KENEN,Language and Communication Development,Level 5,Special Education Non-credit Course (all levels),984
KENFN,Language and Communication Development,Level 6,Special Education Non-credit Course (all levels),918
KENGN,Language and Communication Development,Level 7,Special Education Non-credit Course (all levels),507
KENHN,Language and Communication Development,Level 8,Special Education Non-credit Course (all levels),115
KENIN,Language and Communication Development,Level 9,Special Education Non-credit Course (all levels),31
KENJN,Language and Communication Development,Level 10,Special Education Non-credit Course (all levels),24
KENKN,Language and Communication Development,Level 11,Special Education Non-credit Course (all levels),12
KENLN,Language and Communication Development,Level 12,Special Education Non-credit Course (all levels),17
KENMN,Language and Communication Development,Level 13,Special Education Non-credit Course (all levels),12
KGLAN,Personal Life Skills,Level 1,Special Education Non-credit Course (all levels),2623
KGLBN,Personal Life Skills,Level 2,Special Education Non-credit Course (all levels),1219
KGLCN,Personal Life Skills,Level 3,Special Education Non-credit Course (all levels),1177
KGLDN,Personal Life Skills,Level 4,Special Education Non-credit Course (all levels),1223
KGLEN,Personal Life Skills,Level 5,Special Education Non-credit Course (all levels),893
KGLFN,Personal Life Skills,Level 6,Special Education Non-credit Course (all levels),889
KGLGN,Personal Life Skills,Level 7,Special Education Non-credit Course (all levels),343
KGLHN,Personal Life Skills,Level 8,Special Education Non-credit Course (all levels),148
KGLIN,Personal Life Skills,Level 9,Special Education Non-credit Course (all levels),43
KGLJN,Personal Life Skills,Level 10,Special Education Non-credit Course (all levels),35
KGLKN,Personal Life Skills,Level 11,Special Education Non-credit Course (all levels),<10
KGLLN,Personal Life Skills,Level 12,Special Education Non-credit Course (all levels),17
KGLMN,Personal Life Skills,Level 13,Special Education Non-credit Course (all levels),24
KGLNN,Personal Life Skills,Level 14,Special Education Non-credit Course (all levels),<10
KGLON,Personal Life Skills,Level 15,Special Education Non-credit Course (all levels),17
KGWAN,Exploring the World of Work,Level 1,Special Education Non-credit Course (all levels),1355
KGWBN,Exploring the World of Work,Level 2,Special Education Non-credit Course (all levels),755
KGWCN,Exploring the World of Work,Level 3,Special Education Non-credit Course (all levels),702
KGWDN,Exploring the World of Work,Level 4,Special Education Non-credit Course (all levels),943
KGWEN,Exploring the World of Work,Level 5,Special Education Non-credit Course (all levels),505
KGWFN,Exploring the World of Work,Level 6,Special Education Non-credit Course (all levels),685
KGWGN,Exploring the World of Work,Level 7,Special Education Non-credit Course (all levels),277
KGWHN,Exploring the World of Work,Level 8,Special Education Non-credit Course (all levels),15
KGWIN,Exploring the World of Work,Level 9,Special Education Non-credit Course (all levels),<10
KGWJN,Exploring the World of Work,Level 10,Special Education Non-credit Course (all levels),<10
KGWKN,Exploring the World of Work,Level 11,Special Education Non-credit Course (all levels),<10
KGWLN,Exploring the World of Work,Level 12,Special Education Non-credit Course (all levels),<10
KGWMN,Exploring the World of Work,Level 13,Special Education Non-credit Course (all levels),29
KGWNN,Exploring the World of Work,Level 14,Special Education Non-credit Course (all levels),11
KHDAN,Social Skills Development,Level 1,Special Education Non-credit Course (all levels),1644
KHDBN,Social Skills Development,Level 2,Special Education Non-credit Course (all levels),780
KHDCN,Social Skills Development,Level 3,Special Education Non-credit Course (all levels),1024
KHDDN,Social Skills Development,Level 4,Special Education Non-credit Course (all levels),731
KHDEN,Social Skills Development,Level 5,Special Education Non-credit Course (all levels),438
KHDFN,Social Skills Development,Level 6,Special Education Non-credit Course (all levels),561
KHDGN,Social Skills Development,Level 7,Special Education Non-credit Course (all levels),198
KHDHN,Social Skills Development,Level 8,Special Education Non-credit Course (all levels),37
KHDIN,Social Skills Development,Level 9,Special Education Non-credit Course (all levels),<10
KHDJN,Social Skills Development,Level 10,Special Education Non-credit Course (all levels),<10
KHDKN,Social Skills Development,Level 11,Special Education Non-credit Course (all levels),<10
KHDLN,Social Skills Development,Level 12,Special Education Non-credit Course (all levels),<10
KHDON,Social Skills Development,Level 15,Special Education Non-credit Course (all levels),12
KHIAN,Culinary Skills,Level 1,Special Education Non-credit Course (all levels),651
KHIBN,Culinary Skills,Level 2,Special Education Non-credit Course (all levels),501
KHICN,Culinary Skills,Level 3,Special Education Non-credit Course (all levels),341
KHIDN,Culinary Skills,Level 4,Special Education Non-credit Course (all levels),534
KHIEN,Culinary Skills,Level 5,Special Education Non-credit Course (all levels),156
KHIFN,Culinary Skills,Level 6,Special Education Non-credit Course (all levels),78
KHIGN,Culinary Skills,Level 7,Special Education Non-credit Course (all levels),87
KHIHN,Culinary Skills,Level 8,Special Education Non-credit Course (all levels),<10
KHIIN,Culinary Skills,Level 9,Special Education Non-credit Course (all levels),<10
KMMAN,Numeracy and Numbers,Level 1,Special Education Non-credit Course (all levels),3177
KMMBN,Numeracy and Numbers,Level 2,Special Education Non-credit Course (all levels),1598
KMMCN,Numeracy and Numbers,Level 3,Special Education Non-credit Course (all levels),1354
KMMDN,Numeracy and Numbers,Level 4,Special Education Non-credit Course (all levels),1466
KMMEN,Numeracy and Numbers,Level 5,Special Education Non-credit Course (all levels),730
KMMFN,Numeracy and Numbers,Level 6,Special Education Non-credit Course (all levels),793
KMMGN,Numeracy and Numbers,Level 7,Special Education Non-credit Course (all levels),349
KMMHN,Numeracy and Numbers,Level 8,Special Education Non-credit Course (all levels),96
KMMIN,Numeracy and Numbers,Level 9,Special Education Non-credit Course (all levels),58
KMMJN,Numeracy and Numbers,Level 10,Special Education Non-credit Course (all levels),13
KMMKN,Numeracy and Numbers,Level 11,Special Education Non-credit Course (all levels),25
KMMLN,Numeracy and Numbers,Level 12,Special Education Non-credit Course (all levels),11
KMMNN,Numeracy and Numbers,Level 14,Special Education Non-credit Course (all levels),<10
KMMPN,Numeracy and Numbers,Level 16,Special Education Non-credit Course (all levels),<10
KNAAN,First Canadians,Level 1,Special Education Non-credit Course (all levels),81
KNABN,First Canadians,Level 2,Special Education Non-credit Course (all levels),15
KNACN,First Canadians,Level 3,Special Education Non-credit Course (all levels),23
KNADN,First Canadians,Level 4,Special Education Non-credit Course (all levels),27
KNAEN,First Canadians,Level 5,Special Education Non-credit Course (all levels),<10
KNAFN,First Canadians,Level 6,Special Education Non-credit Course (all levels),<10
KPFAN,Personal Health and Fitness,Level 1,Special Education Non-credit Course (all levels),1936
KPFBN,Personal Health and Fitness,Level 2,Special Education Non-credit Course (all levels),1098
KPFCN,Personal Health and Fitness,Level 3,Special Education Non-credit Course (all levels),991
KPFDN,Personal Health and Fitness,Level 4,Special Education Non-credit Course (all levels),1122
KPFEN,Personal Health and Fitness,Level 5,Special Education Non-credit Course (all levels),618
KPFFN,Personal Health and Fitness,Level 6,Special Education Non-credit Course (all levels),294
KPFGN,Personal Health and Fitness,Level 7,Special Education Non-credit Course (all levels),255
KPFHN,Personal Health and Fitness,Level 8,Special Education Non-credit Course (all levels),34
KPFIN,Personal Health and Fitness,Level 9,Special Education Non-credit Course (all levels),11
KPFJN,Personal Health and Fitness,Level 10,Special Education Non-credit Course (all levels),25
KPFKN,Personal Health and Fitness,Level 11,Special Education Non-credit Course (all levels),<10
KPFLN,Personal Health and Fitness,Level 12,Special Education Non-credit Course (all levels),23
KPFMN,Personal Health and Fitness,Level 13,Special Education Non-credit Course (all levels),14
KPFNN,Personal Health and Fitness,Level 14,Special Education Non-credit Course (all levels),22
KPHAN,Choice Making for Healthy Living,Level 1,Special Education Non-credit Course (all levels),932
KPHBN,Choice Making for Healthy Living,Level 2,Special Education Non-credit Course (all levels),576
KPHCN,Choice Making for Healthy Living,Level 3,Special Education Non-credit Course (all levels),303
KPHDN,Choice Making for Healthy Living,Level 4,Special Education Non-credit Course (all levels),269
KPHEN,Choice Making for Healthy Living,Level 5,Special Education Non-credit Course (all levels),209
KPHFN,Choice Making for Healthy Living,Level 6,Special Education Non-credit Course (all levels),94
KPHGN,Choice Making for Healthy Living,Level 7,Special Education Non-credit Course (all levels),75
KPHHN,Choice Making for Healthy Living,Level 8,Special Education Non-credit Course (all levels),<10
KPHIN,Choice Making for Healthy Living,Level 9,Special Education Non-credit Course (all levels),10
KPHJN,Choice Making for Healthy Living,Level 10,Special Education Non-credit Course (all levels),<10
KPHKN,Choice Making for Healthy Living,Level 11,Special Education Non-credit Course (all levels),<10
KPHLN,Choice Making for Healthy Living,Level 12,Special Education Non-credit Course (all levels),<10
KPPAN,Self Help and Self Care,Level 1,Special Education Non-credit Course (all levels),712
KPPBN,Self Help and Self Care,Level 2,Special Education Non-credit Course (all levels),421
KPPCN,Self Help and Self Care,Level 3,Special Education Non-credit Course (all levels),373
KPPDN,Self Help and Self Care,Level 4,Special Education Non-credit Course (all levels),353
KPPEN,Self Help and Self Care,Level 5,Special Education Non-credit Course (all levels),252
KPPFN,Self Help and Self Care,Level 6,Special Education Non-credit Course (all levels),128
KPPGN,Self Help and Self Care,Level 7,Special Education Non-credit Course (all levels),128
KPPHN,Self Help and Self Care,Level 8,Special Education Non-credit Course (all levels),<10
KPPIN,Self Help and Self Care,Level 9,Special Education Non-credit Course (all levels),<10
KSNAN,Exploring Our Environment,Level 1,Special Education Non-credit Course (all levels),957
KSNBN,Exploring Our Environment,Level 2,Special Education Non-credit Course (all levels),504
KSNCN,Exploring Our Environment,Level 3,Special Education Non-credit Course (all levels),299
KSNDN,Exploring Our Environment,Level 4,Special Education Non-credit Course (all levels),337
KSNEN,Exploring Our Environment,Level 5,Special Education Non-credit Course (all levels),130
KSNFN,Exploring Our Environment,Level 6,Special Education Non-credit Course (all levels),521
KSNGN,Exploring Our Environment,Level 7,Special Education Non-credit Course (all levels),54
KSNJN,Exploring Our Environment,Level 10,Special Education Non-credit Course (all levels),10
KSNPN,Exploring Our Environment,Level 16,Special Education Non-credit Course (all levels),<10
KTTAN,Computer Skills,Level 1,Special Education Non-credit Course (all levels),550
KTTBN,Computer Skills,Level 2,Special Education Non-credit Course (all levels),277
KTTCN,Computer Skills,Level 3,Special Education Non-credit Course (all levels),218
KTTDN,Computer Skills,Level 4,Special Education Non-credit Course (all levels),267
KTTEN,Computer Skills,Level 5,Special Education Non-credit Course (all levels),66
KTTFN,Computer Skills,Level 6,Special Education Non-credit Course (all levels),410
KTTGN,Computer Skills,Level 7,Special Education Non-credit Course (all levels),52
KTTHN,Computer Skills,Level 8,Special Education Non-credit Course (all levels),<10
KTTIN,Computer Skills,Level 9,Special Education Non-credit Course (all levels),<10
KTTNN,Computer Skills,Level 14,Special Education Non-credit Course (all levels),<10
LBAAO,Albanian,Level 1,Open (Grade 9 - 12 level),<10
LBACO,Albanian,Level 3,Open (Grade 9 - 12 level),<10
LBADO,Albanian,Level 4,Open (Grade 9 - 12 level),<10
LDLAD,Somali,Level 1,Academic (Grade 9 & 10 level),17
LDLBD,Somali,Level 2,Academic (Grade 9 & 10 level),<10
LDLCU,Somali,Level 3,University Preparation (Grade 11 & 12 level),26
LDLDU,Somali,Level 4,University Preparation (Grade 11 & 12 level),<10
LKABD,Traditional Chinese (Mandarin),Level 2,Academic (Grade 9 & 10 level),41
LKACU,Traditional Chinese (Mandarin),Level 3,University Preparation (Grade 11 & 12 level),84
LKADU,Traditional Chinese (Mandarin),Level 4,University Preparation (Grade 11 & 12 level),103
LKBAD,Simplified Chinese,Level 1,Academic (Grade 9 & 10 level),<10
LKCBD,Cantonese,Level 2,Academic (Grade 9 & 10 level),35
LKCCU,Cantonese,Level 3,University Preparation (Grade 11 & 12 level),13
LKCDU,Cantonese,Level 4,University Preparation (Grade 11 & 12 level),<10
LKDBD,Cantonese,Level 2,Academic (Grade 9 & 10 level),12
LKDCU,Cantonese,Level 3,University Preparation (Grade 11 & 12 level),<10
LKDDU,Cantonese,Level 4,University Preparation (Grade 11 & 12 level),<10
LKJAD,Japanese,Level 1,Academic (Grade 9 & 10 level),23
LKJBD,Japanese,Level 2,Academic (Grade 9 & 10 level),159
LKJCU,Japanese,Level 3,University Preparation (Grade 11 & 12 level),52
LKJDU,Japanese,Level 4,University Preparation (Grade 11 & 12 level),33
LKKAD,Korean,Level 1,Academic (Grade 9 & 10 level),<10
LKMAO,Traditional Chinese (Mandarin),Level 1,Open (Grade 9 - 12 level),31
LKMBD,Traditional Chinese (Mandarin),Level 2,Academic (Grade 9 & 10 level),29
LKMCU,Traditional Chinese (Mandarin),Level 3,University Preparation (Grade 11 & 12 level),21
LKMDU,Traditional Chinese (Mandarin),Level 4,University Preparation (Grade 11 & 12 level),14
LLFBO,Finnish,Level 2,Open (Grade 9 - 12 level),13
LNCAO,Cree,Level 1,Open (Grade 9 - 12 level),60
LNCBO,Cree,Level 2,Open (Grade 9 - 12 level),<10
LNDAO,Delaware,Level 1,Open (Grade 9 - 12 level),<10
LNDBO,Delaware,Level 2,Open (Grade 9 - 12 level),<10
LNDCO,Delaware,Level 3,Open (Grade 9 - 12 level),<10
LNLAO,Oji-Cree,Level 1,Open (Grade 9 - 12 level),39
LNLBO,Oji-Cree,Level 2,Open (Grade 9 - 12 level),10
LNLCO,Oji-Cree,Level 3,Open (Grade 9 - 12 level),<10
LNMAO,Mohawk,Level 1,Open (Grade 9 - 12 level),29
LNMBO,Mohawk,Level 2,Open (Grade 9 - 12 level),37
LNMCO,Mohawk,Level 3,Open (Grade 9 - 12 level),16
LNMDO,Mohawk,Level 4,Open (Grade 9 - 12 level),<10
LNMEO,Mohawk,Level 5,Open (Grade 9 - 12 level),<10
LNNAO,Oneida,Level 1,Open (Grade 9 - 12 level),32
LNNBO,Oneida,Level 2,Open (Grade 9 - 12 level),10
LNNCO,Oneida,Level 3,Open (Grade 9 - 12 level),<10
LNOAO,Ojibwe,Level 1,Open (Grade 9 - 12 level),795
LNOBO,Ojibwe,Level 2,Open (Grade 9 - 12 level),274
LNOCO,Ojibwe,Level 3,Open (Grade 9 - 12 level),108
LNODO,Ojibwe,Level 4,Open (Grade 9 - 12 level),34
LNOEO,Ojibwe,Level 5,Open (Grade 9 - 12 level),13
LVGCU,Ancient Greek Level 3,Level 3,University Preparation (Grade 11 & 12 level),<10
LVLAD,Latin Level 1,Level 1,Academic (Grade 9 & 10 level),1032
LVLBU,Latin Level 2,Level 2,University Preparation (Grade 11 & 12 level),465
LVLCU,Latin Level 3,Level 3,University Preparation (Grade 11 & 12 level),219
LVV4U,Classical Civilization,Grade 12,University Preparation (Grade 11 & 12 level),1668
LWAAO,German,Level 1,Open (Grade 9 - 12 level),<10
LWACO,German,Level 3,Open (Grade 9 - 12 level),17
LWADU,German,Level 4,University Preparation (Grade 11 & 12 level),<10
LWCAD,Gaelic,Level 1,Academic (Grade 9 & 10 level),<10
LWCBD,Gaelic,Level 2,Academic (Grade 9 & 10 level),<10
LWDAD,Dutch,Level 1,Academic (Grade 9 & 10 level),<10
LWDBD,Dutch,Level 2,Academic (Grade 9 & 10 level),<10
LWEAD,Spanish,Level 1,Academic (Grade 9 & 10 level),47
LWEAO,Spanish,Level 1,Open (Grade 9 - 12 level),74
LWEBD,Spanish,Level 2,Academic (Grade 9 & 10 level),119
LWEBO,Spanish,Level 2,Open (Grade 9 - 12 level),36
LWECO,Spanish,Level 3,Open (Grade 9 - 12 level),<10
LWECU,Spanish,Level 3,University Preparation (Grade 11 & 12 level),56
LWEDU,Spanish,Level 4,University Preparation (Grade 11 & 12 level),25
LWGAD,German,Level 1,Academic (Grade 9 & 10 level),18
LWGBD,German,Level 2,Academic (Grade 9 & 10 level),554
LWGBO,German,Level 2,Open (Grade 9 - 12 level),10
LWGCO,German,Level 3,Open (Grade 9 - 12 level),<10
LWGCU,German,Level 3,University Preparation (Grade 11 & 12 level),163
LWGDU,German,Level 4,University Preparation (Grade 11 & 12 level),66
LWIAD,Italian,Level 1,Academic (Grade 9 & 10 level),78
LWIAO,Italian,Level 1,Open (Grade 9 - 12 level),56
LWIBD,Italian,Level 2,Academic (Grade 9 & 10 level),798
LWIBO,Italian,Level 2,Open (Grade 9 - 12 level),27
LWICO,Italian,Level 3,Open (Grade 9 - 12 level),12
LWICU,Italian,Level 3,University Preparation (Grade 11 & 12 level),342
LWIDO,Italian,Level 4,Open (Grade 9 - 12 level),<10
LWIDU,Italian,Level 4,University Preparation (Grade 11 & 12 level),173
LWJBO,Italian,Level 2,Open (Grade 9 - 12 level),<10
LWJCU,Italian,Level 3,University Preparation (Grade 11 & 12 level),<10
LWJDU,Italian,Level 4,University Preparation (Grade 11 & 12 level),11
LWOAD,Portuguese,Level 1,Academic (Grade 9 & 10 level),17
LWOBD,Portuguese,Level 2,Academic (Grade 9 & 10 level),<10
LWPAO,Portuguese,Level 1,Open (Grade 9 - 12 level),<10
LWPBD,Portuguese,Level 2,Academic (Grade 9 & 10 level),20
LWPBO,Portuguese,Level 2,Open (Grade 9 - 12 level),<10
LWPCO,Portuguese,Level 3,Open (Grade 9 - 12 level),<10
LWPCU,Portuguese,Level 3,University Preparation (Grade 11 & 12 level),33
LWPDO,Portuguese,Level 4,Open (Grade 9 - 12 level),<10
LWPDU,Portuguese,Level 4,University Preparation (Grade 11 & 12 level),<10
LWSAD,Spanish,Level 1,Academic (Grade 9 & 10 level),581
LWSAO,Spanish,Level 1,Open (Grade 9 - 12 level),580
LWSBD,Spanish,Level 2,Academic (Grade 9 & 10 level),6108
LWSBO,Spanish,Level 2,Open (Grade 9 - 12 level),632
LWSCO,Spanish,Level 3,Open (Grade 9 - 12 level),126
LWSCU,Spanish,Level 3,University Preparation (Grade 11 & 12 level),2076
LWSDO,Spanish,Level 4,Open (Grade 9 - 12 level),<10
LWSDU,Spanish,Level 4,University Preparation (Grade 11 & 12 level),1236
LYADU,Arabic,Level 4,University Preparation (Grade 11 & 12 level),<10
LYBAO,Arabic,Level 1,Open (Grade 9 - 12 level),24
LYBBD,Arabic,Level 2,Academic (Grade 9 & 10 level),<10
LYBBO,Arabic,Level 2,Open (Grade 9 - 12 level),<10
LYBCU,Arabic,Level 3,University Preparation (Grade 11 & 12 level),<10
LYBDU,Arabic,Level 4,University Preparation (Grade 11 & 12 level),<10
MAP4C,Foundations for College Mathematics,Grade 12,College Preparation (Grade 11 & 12 level),31988
MBF3C,Foundations for College Mathematics,Grade 11,College Preparation (Grade 11 & 12 level),49369
MCB4U,Advanced functions and Introductory Calculus,Grade 12,University Preparation (Grade 11 & 12 level),<10
MCF3M,Functions and Applications,Grade 11,University/College Preparation (Grade 11 & 12 level),36811
MCR3U,Functions,Grade 11,University Preparation (Grade 11 & 12 level),73908
MCT4C,Mathematics for College Technology,Grade 12,College Preparation (Grade 11 & 12 level),4362
MCV4U,Calculus and Vectors,Grade 12,University Preparation (Grade 11 & 12 level),38383
MDM4U,Mathematics of Data Management,Grade 12,University Preparation (Grade 11 & 12 level),35288
MEL3E,Mathematics for Work and Everyday Life,Grade 11,Workplace Preparation (Grade 11 & 12 level),22433
MEL4E,Mathematics for Work and Everyday Life,Grade 12,Workplace Preparation (Grade 11 & 12 level),6052
MFM1P,Foundations of Mathematics,Grade 9,Applied (Grade 9 & 10 level),46425
MFM2P,Foundations of Mathematics,Grade 10,Applied (Grade 9 & 10 level),58036
MHF4U,Advanced Functions,Grade 12,University Preparation (Grade 11 & 12 level),59355
MPM1D,Principles of Mathematics,Grade 9,Academic (Grade 9 & 10 level),103892
MPM1H,"Mathematics, Transfer, Grade 9, Applied to Academic",Grade 9,Academic (Transfer),38
MPM2D,Principles of Mathematics,Grade 10,Academic (Grade 9 & 10 level),97353
MPM2H,"Mathematics Transfer, Grade 10, Applied to Academic",Grade 10,Academic (Transfer),<10
NAC1O,Expressions of Aboriginal Cultures,Grade 9,Open (Grade 9 - 12 level),3234
NAC2O,"First Nations, M‚tis, and Inuit Peoples in Canada",Grade 10,Open (Grade 9 - 12 level),1844
NBE3C,English: Contemporary Aboriginal Voices,Grade 11,College Preparation (Grade 11 & 12 level),1416
NBE3E,English: Contemporary Aboriginal Voices,Grade 11,Workplace Preparation (Grade 11 & 12 level),208
NBE3U,English: Contemporary Aboriginal Voices,Grade 11,University Preparation (Grade 11 & 12 level),651
NBV3C,"Beliefs, Values and Aspirations of Aboriginal Peoples in Contemporary Society",Grade 11,College Preparation (Grade 11 & 12 level),1512
NBV3E,"Beliefs, Values and Aspirations of Aboriginal Peoples in Contemporary Society",Grade 11,Workplace Preparation (Grade 11 & 12 level),2141
NDA3M,Current Aboriginal Issues in Canada,Grade 11,University/College Preparation (Grade 11 & 12 level),1130
NDG4M,Aboriginal Governance: Emerging Directions,Grade 12,University/College Preparation (Grade 11 & 12 level),156
NDW4M,Issues of Indigenous Peoples in a Global Context,Grade 12,University/College Preparation (Grade 11 & 12 level),1756
OLC3O,Ontario Secondary School Literacy Course,Grade 11,Open (Grade 9 - 12 level),1714
OLC4O,Ontario Secondary School Literacy Course,Grade 12,Open (Grade 9 - 12 level),20553
PAD1O,Outdoor Activities,Grade 9,Open (Grade 9 - 12 level),188
PAD2O,Outdoor Activities,Grade 10,Open (Grade 9 - 12 level),1408
PAD3O,Outdoor Activities,Grade 11,Open (Grade 9 - 12 level),4527
PAD4O,Outdoor Activities,Grade 12,Open (Grade 9 - 12 level),1532
PAF1O,Personal and Fitness Activities,Grade 9,Open (Grade 9 - 12 level),1090
PAF2O,Personal and Fitness Activities,Grade 10,Open (Grade 9 - 12 level),12847
PAF3O,Personal and Fitness Activities,Grade 11,Open (Grade 9 - 12 level),33773
PAF4O,Personal and Fitness Activities,Grade 12,Open (Grade 9 - 12 level),21996
PAI1O,Individual and Small Group Activities,Grade 9,Open (Grade 9 - 12 level),505
PAI2O,Individual and Small Group Activities,Grade 10,Open (Grade 9 - 12 level),1530
PAI3O,Individual and Small Group Activities,Grade 11,Open (Grade 9 - 12 level),2841
PAI4O,Individual and Small Group Activities,Grade 12,Open (Grade 9 - 12 level),1569
PAL1O,Large Group Activities,Grade 9,Open (Grade 9 - 12 level),1227
PAL2O,Large Group Activities,Grade 10,Open (Grade 9 - 12 level),4193
PAL3O,Large Group Activities,Grade 11,Open (Grade 9 - 12 level),5388
PAL4O,Large Group Activities,Grade 12,Open (Grade 9 - 12 level),2076
PAQ1O,Aquatics,Grade 9,Open (Grade 9 - 12 level),19
PAQ2O,Aquatics,Grade 10,Open (Grade 9 - 12 level),293
PAQ3O,Aquatics,Grade 11,Open (Grade 9 - 12 level),286
PAQ4O,Aquatics,Grade 12,Open (Grade 9 - 12 level),76
PAR1O,Rhythm and Movement,Grade 9,Open (Grade 9 - 12 level),208
PAR2O,Rhythm and Movement,Grade 10,Open (Grade 9 - 12 level),672
PAR3O,Rhythm and Movement,Grade 11,Open (Grade 9 - 12 level),604
PAR4O,Rhythm and Movement,Grade 12,Open (Grade 9 - 12 level),219
PLF4C,Recreation and Fitness Leadership,Grade 12,College Preparation (Grade 11 & 12 level),5255
PPF1O,Vie active et sant‚ (filles),Grade 9,Open (Grade 9 - 12 level),1184
PPF2O,Vie active et sant‚ (filles),Grade 10,Open (Grade 9 - 12 level),232
PPL1O,Healthy Active Living Education,Grade 9,Open (Grade 9 - 12 level),132998
PPL2O,Healthy Active Living Education,Grade 10,Open (Grade 9 - 12 level),54266
PPL3O,Healthy Active Living Education,Grade 11,Open (Grade 9 - 12 level),42010
PPL4O,Healthy Active Living Education,Grade 12,Open (Grade 9 - 12 level),29242
PPM1O,Vie active et sant‚ (gar‡ons),Grade 9,Open (Grade 9 - 12 level),1069
PPM2O,Vie active et sant‚ (gar‡ons),Grade 10,Open (Grade 9 - 12 level),328
PPZ3O,Health for Life,Grade 11,Open (Grade 9 - 12 level),11609
PSE4U,Exercise Science,Grade 12,University Preparation (Grade 11 & 12 level),17850
SBI3C,Biology,Grade 11,College Preparation (Grade 11 & 12 level),23808
SBI3K,"Biology Transfer, Grade 11, College to University",Grade 11,University Preparation (Transfer),<10
SBI3U,Biology,Grade 11,University Preparation (Grade 11 & 12 level),64607
SBI4U,Biology,Grade 12,University Preparation (Grade 11 & 12 level),40394
SCH3K,"Chemistry Transfer, Grade 12, College to University",Grade 11,University Preparation (Transfer),<10
SCH3U,Chemistry,Grade 11,University Preparation (Grade 11 & 12 level),63467
SCH4C,Chemistry,Grade 12,College Preparation (Grade 11 & 12 level),14152
SCH4U,Chemistry,Grade 12,University Preparation (Grade 11 & 12 level),41947
SES4U,Earth and Space Science,Grade 12,University Preparation (Grade 11 & 12 level),4326
SNC1D,Science,Grade 9,Academic (Grade 9 & 10 level),106871
SNC1P,Science,Grade 9,Applied (Grade 9 & 10 level),39971
SNC2D,Science,Grade 10,Academic (Grade 9 & 10 level),106343
SNC2H,"Science Transfer, Grade 10, Applied to Academic",Grade 10,Academic (Transfer),<10
SNC2P,Science,Grade 10,Applied (Grade 9 & 10 level),44320
SNC3E,Science,Grade 11,Workplace Preparation (Grade 11 & 12 level),74
SNC3M,Science,Grade 11,University/College Preparation (Grade 11 & 12 level),<10
SNC4E,Science,Grade 12,Workplace Preparation (Grade 11 & 12 level),1233
SNC4M,Science,Grade 12,University/College Preparation (Grade 11 & 12 level),3330
SPH3U,Physics,Grade 11,University Preparation (Grade 11 & 12 level),45403
SPH4C,Physics,Grade 12,College Preparation (Grade 11 & 12 level),7205
SPH4U,Physics,Grade 12,University Preparation (Grade 11 & 12 level),25915
SVN3E,Environmental Science,Grade 11,Workplace Preparation (Grade 11 & 12 level),5996
SVN3M,Environmental Science,Grade 11,University/College Preparation (Grade 11 & 12 level),4799
TCC3E,Construction Technology: Carpentry,Grade 11,Workplace Preparation (Grade 11 & 12 level),427
TCC4E,Construction Technology: Carpentry,Grade 12,Workplace Preparation (Grade 11 & 12 level),200
TCE3E,Construction Technology: Electrical/Network Cabling,Grade 11,Workplace Preparation (Grade 11 & 12 level),811
TCE4E,Construction Technology: Electrical/Network Cabling,Grade 12,Workplace Preparation (Grade 11 & 12 level),406
TCH3E,Construction Technology: Heating and Cooling,Grade 11,Workplace Preparation (Grade 11 & 12 level),77
TCH4E,Construction Technology: Heating and Cooling,Grade 12,Workplace Preparation (Grade 11 & 12 level),61
TCJ1O,Exploring Construction Technology,Grade 9,Open (Grade 9 - 12 level),2221
TCJ2O,Construction Technology,Grade 10,Open (Grade 9 - 12 level),17533
TCJ3C,Construction Engineering Technology,Grade 11,College Preparation (Grade 11 & 12 level),13132
TCJ3E,Construction Technology,Grade 11,Workplace Preparation (Grade 11 & 12 level),5372
TCJ4C,Construction Engineering Technology,Grade 12,College Preparation (Grade 11 & 12 level),5433
TCJ4E,Construction Technology,Grade 12,Workplace Preparation (Grade 11 & 12 level),2448
TCM3E,Construction Technology: Masonry,Grade 11,Workplace Preparation (Grade 11 & 12 level),54
TCM4E,Construction Technology: Masonry,Grade 12,Workplace Preparation (Grade 11 & 12 level),14
TCP3E,Construction Technology: Plumbing,Grade 11,Workplace Preparation (Grade 11 & 12 level),92
TCP4E,Construction Technology: Plumbing,Grade 12,Workplace Preparation (Grade 11 & 12 level),102
TCS3C,Construction Engineering Technology: Construction Management and Science,Grade 11,College Preparation (Grade 11 & 12 level),30
TCS4C,Construction Engineering Technology: Construction Management and Science,Grade 12,College Preparation (Grade 11 & 12 level),47
TDA3M,Technological Design: Architectural Design,Grade 11,University/College Preparation (Grade 11 & 12 level),1343
TDA4M,Technological Design: Architectural Design,Grade 12,University/College Preparation (Grade 11 & 12 level),731
TDJ1O,Exploring Technology Design,Grade 9,Open (Grade 9 - 12 level),1264
TDJ2O,Technological Design,Grade 10,Open (Grade 9 - 12 level),8440
TDJ3M,Technological Design,Grade 11,University/College Preparation (Grade 11 & 12 level),9311
TDJ3O,Technological Design and the Environment,Grade 11,Open (Grade 9 - 12 level),1099
TDJ4M,Technological Design,Grade 12,University/College Preparation (Grade 11 & 12 level),4029
TDJ4O,Technological Design in the 21st Century,Grade 12,Open (Grade 9 - 12 level),427
TDM3M,Technological Design: Mechanical and Industrial Design,Grade 11,University/College Preparation (Grade 11 & 12 level),174
TDM4M,Technological Design: Mechanical and Industrial Design,Grade 12,University/College Preparation (Grade 11 & 12 level),75
TDP3M,Technological Design: Apparel and Textile Design,Grade 11,University/College Preparation (Grade 11 & 12 level),305
TDP4M,Technological Design: Apparel and Textile Design,Grade 12,University/College Preparation (Grade 11 & 12 level),154
TDR3M,Technological Design: Robotics and Control Systems Design,Grade 11,University/College Preparation (Grade 11 & 12 level),128
TDR4M,Technological Design: Robotics and Control Systems Design,Grade 12,University/College Preparation (Grade 11 & 12 level),47
TDV3M,Technological Design: Interior Design,Grade 11,University/College Preparation (Grade 11 & 12 level),300
TDV4M,Technological Design: Interior Design,Grade 12,University/College Preparation (Grade 11 & 12 level),102
TEC3E,Computer Technology: Computer Repair,Grade 11,Workplace Preparation (Grade 11 & 12 level),13
TEI3M,Computer Engineering Technology: Interfacing,Grade 11,University/College Preparation (Grade 11 & 12 level),19
TEI4M,Computer Engineering Technology: Interfacing,Grade 12,University/College Preparation (Grade 11 & 12 level),11
TEJ1O,Exploring Computer Technology,Grade 9,Open (Grade 9 - 12 level),1799
TEJ2O,Computer Technology,Grade 10,Open (Grade 9 - 12 level),6027
TEJ3E,Computer Technology,Grade 11,Workplace Preparation (Grade 11 & 12 level),595
TEJ3M,Computer Engineering Technology,Grade 11,University/College Preparation (Grade 11 & 12 level),7335
TEJ4E,Computer Technology,Grade 12,Workplace Preparation (Grade 11 & 12 level),59
TEJ4M,Computer Engineering Technology,Grade 12,University/College Preparation (Grade 11 & 12 level),2724
TEL3M,Computer Engineering Technology: Electronics,Grade 11,University/College Preparation (Grade 11 & 12 level),207
TEL4M,Computer Engineering Technology: Electronics,Grade 12,University/College Preparation (Grade 11 & 12 level),60
TEN3M,Computer Engineering Technology: Networking,Grade 11,University/College Preparation (Grade 11 & 12 level),197
TEN4M,Computer Engineering Technology: Networking,Grade 12,University/College Preparation (Grade 11 & 12 level),124
TER3M,Computer Engineering Technology: Robotics and Control Systems,Grade 11,University/College Preparation (Grade 11 & 12 level),203
TER4M,Computer Engineering Technology: Robotics and Control Systems,Grade 12,University/College Preparation (Grade 11 & 12 level),130
TEW3E,Computer Technology: Network Support,Grade 11,Workplace Preparation (Grade 11 & 12 level),<10
TFB3E,Hospitality and Tourism: Baking,Grade 11,Workplace Preparation (Grade 11 & 12 level),1929
TFB4E,Hospitality and Tourism: Baking,Grade 12,Workplace Preparation (Grade 11 & 12 level),600
TFC3E,Hospitality and Tourism: Cooking,Grade 11,Workplace Preparation (Grade 11 & 12 level),1632
TFC4E,Hospitality and Tourism: Cooking,Grade 12,Workplace Preparation (Grade 11 & 12 level),687
TFE3E,Hospitality and Tourism: Event Planning,Grade 11,Workplace Preparation (Grade 11 & 12 level),227
TFE4E,Hospitality and Tourism: Event Planning,Grade 12,Workplace Preparation (Grade 11 & 12 level),36
TFH3E,Hospitality and Tourism,Grade 11,Workplace Preparation (Grade 11 & 12 level),70
TFH4E,Hospitality and Tourism,Grade 12,Workplace Preparation (Grade 11 & 12 level),21
TFJ1O,Exploring Hospitality and Tourism,Grade 9,Open (Grade 9 - 12 level),2492
TFJ2O,Hospitality and Tourism,Grade 10,Open (Grade 9 - 12 level),14720
TFJ3C,Hospitality and Tourism,Grade 11,College Preparation (Grade 11 & 12 level),9400
TFJ3E,Hospitality and Tourism,Grade 11,Workplace Preparation (Grade 11 & 12 level),5170
TFJ4C,Hospitality and Tourism,Grade 12,College Preparation (Grade 11 & 12 level),2900
TFJ4E,Hospitality and Tourism,Grade 12,Workplace Preparation (Grade 11 & 12 level),2399
TFN3C,Hospitality and Tourism: Applied Nutrition,Grade 11,College Preparation (Grade 11 & 12 level),91
TFN4C,Hospitality and Tourism: Applied Nutrition,Grade 12,College Preparation (Grade 11 & 12 level),<10
TFR3C,Hospitality and Tourism: Culinary Arts and Management,Grade 11,College Preparation (Grade 11 & 12 level),858
TFR4C,Hospitality and Tourism: Culinary Arts and Management,Grade 12,College Preparation (Grade 11 & 12 level),358
TFS4C,Tourism,Grade 12,College Preparation (Grade 11 & 12 level),71
TFT3C,Hospitality and Tourism: Tourism and Travel Planning,Grade 11,College Preparation (Grade 11 & 12 level),433
TFT4C,Hospitality and Tourism: Tourism and Travel Planning,Grade 12,College Preparation (Grade 11 & 12 level),77
TGG3M,Communications Technology: Print and Graphic Communications,Grade 11,University/College Preparation (Grade 11 & 12 level),1980
TGG4M,Communications Technology: Print and Graphic Communications,Grade 12,University/College Preparation (Grade 11 & 12 level),1512
TGI3M,Communications Technology: Interactive New Media and Animation,Grade 11,University/College Preparation (Grade 11 & 12 level),1066
TGI4M,Communications Technology: Interactive New Media and Animation,Grade 12,University/College Preparation (Grade 11 & 12 level),545
TGJ1O,Exploring Communications Technology,Grade 9,Open (Grade 9 - 12 level),2770
TGJ2O,Communications Technology,Grade 10,Open (Grade 9 - 12 level),17148
TGJ3E,"Communications Technology, Grade 11, Workplace Preparation",Grade 11,Workplace Preparation (Grade 11 & 12 level),<10
TGJ3M,"Communications Technology, Grade 11, University/College Preparation",Grade 11,University/College Preparation (Grade 11 & 12 level),15725
TGJ3O,Communications Technology: Broadcast and Print Production,Grade 11,Open (Grade 9 - 12 level),1641
TGJ4E,"Communications Technology, Grade 12, Workplace Preparation",Grade 12,Workplace Preparation (Grade 11 & 12 level),<10
TGJ4M,"Communications Technology, Grade 12, University/College Preparation",Grade 12,University/College Preparation (Grade 11 & 12 level),7930
TGJ4O,Communications Technology: Digital Imagery and Web Design,Grade 12,Open (Grade 9 - 12 level),1190
TGP3M,Communications Technology: Photography and Digital Imaging,Grade 11,University/College Preparation (Grade 11 & 12 level),2781
TGP4M,Communications Technology: Photography and Digital Imaging,Grade 12,University/College Preparation (Grade 11 & 12 level),1248
TGR3M,"Communications Technology: Radio, Audio and Sound Production",Grade 11,University/College Preparation (Grade 11 & 12 level),298
TGR4M,"Communications Technology: Radio, Audio and Sound Production",Grade 12,University/College Preparation (Grade 11 & 12 level),136
TGV3M,"Communications Technology: TV, Video and Movie Production",Grade 11,University/College Preparation (Grade 11 & 12 level),2331
TGV4M,"Communications Technology: TV, Video and Movie Production",Grade 12,University/College Preparation (Grade 11 & 12 level),1459
THA3M,Green Industries: Agribusiness,Grade 11,University/College Preparation (Grade 11 & 12 level),43
THA4M,Green Industries: Agribusiness,Grade 12,University/College Preparation (Grade 11 & 12 level),25
THD3M,Green Industries: Landscaping and Architecture,Grade 11,University/College Preparation (Grade 11 & 12 level),60
THD4M,Green Industries: Landscaping and Architecture,Grade 12,University/College Preparation (Grade 11 & 12 level),79
THF3E,Green Industries: Floristry,Grade 11,Workplace Preparation (Grade 11 & 12 level),44
THF4E,Green Industries: Floristry,Grade 12,Workplace Preparation (Grade 11 & 12 level),10
THG3E,Green Industries: Agriculture,Grade 11,Workplace Preparation (Grade 11 & 12 level),16
THG4E,Green Industries: Agriculture,Grade 12,Workplace Preparation (Grade 11 & 12 level),<10
THH3E,Green Industries: Horticulture,Grade 11,Workplace Preparation (Grade 11 & 12 level),208
THH4E,Green Industries: Horticulture,Grade 12,Workplace Preparation (Grade 11 & 12 level),112
THJ1O,Exploring Green Industries,Grade 9,Open (Grade 9 - 12 level),352
THJ2O,Green Industries,Grade 10,Open (Grade 9 - 12 level),1294
THJ3E,Green Industries,Grade 11,Workplace Preparation (Grade 11 & 12 level),1087
THJ3M,Green Industries,Grade 11,University/College Preparation (Grade 11 & 12 level),974
THJ4E,Green Industries,Grade 12,Workplace Preparation (Grade 11 & 12 level),294
THJ4M,Green Industries,Grade 12,University/College Preparation (Grade 11 & 12 level),314
THL3E,Green Industries: Landscaping Construction and Maintenance,Grade 11,Workplace Preparation (Grade 11 & 12 level),126
THL4E,Green Industries: Landscaping Construction and Maintenance,Grade 12,Workplace Preparation (Grade 11 & 12 level),131
THO3E,Green Industries: Forestry,Grade 11,Workplace Preparation (Grade 11 & 12 level),72
THO3M,Green Industries: Forestry,Grade 11,University/College Preparation (Grade 11 & 12 level),34
THO4E,Green Industries: Forestry,Grade 12,Workplace Preparation (Grade 11 & 12 level),16
THO4M,Green Industries: Forestry,Grade 12,University/College Preparation (Grade 11 & 12 level),10
THS3M,Green Industries: Horticulture Management and Science,Grade 11,University/College Preparation (Grade 11 & 12 level),31
THS4M,Green Industries: Horticulture Management and Science,Grade 12,University/College Preparation (Grade 11 & 12 level),41
TIJ1O,Exploring Technologies,Grade 9,Open (Grade 9 - 12 level),46404
TIK2O,Computer and Information Science,Grade 10,Open (Grade 9 - 12 level),<10
TMC3C,Manufacturing Technology: Computer Aided Manufacturing,Grade 11,College Preparation (Grade 11 & 12 level),<10
TMI3C,Manufacturing Technology: Industrial Maintenance,Grade 11,College Preparation (Grade 11 & 12 level),106
TMI4C,Manufacturing Technology: Industrial Maintenance,Grade 12,College Preparation (Grade 11 & 12 level),48
TMJ1O,Exploring Manufacturing Technology,Grade 9,Open (Grade 9 - 12 level),953
TMJ2O,Manufacturing Technology,Grade 10,Open (Grade 9 - 12 level),7217
TMJ3C,Manufacturing Technology,Grade 11,College Preparation (Grade 11 & 12 level),5236
TMJ3E,Manufacturing Technology,Grade 11,Workplace Preparation (Grade 11 & 12 level),3001
TMJ3M,Manufacturing Engineering Technology,Grade 11,University/College Preparation (Grade 11 & 12 level),1002
TMJ4C,Manufacturing Technology,Grade 12,College Preparation (Grade 11 & 12 level),2218
TMJ4E,Manufacturing Technology,Grade 12,Workplace Preparation (Grade 11 & 12 level),1253
TMJ4M,Manufacturing Engineering Technology,Grade 12,University/College Preparation (Grade 11 & 12 level),530
TMM3M,Manufacturing Engineering Technology: Mechanical Engineering,Grade 11,University/College Preparation (Grade 11 & 12 level),82
TMM4M,Manufacturing Engineering Technology: Mechanical Engineering,Grade 12,University/College Preparation (Grade 11 & 12 level),32
TMO3E,Manufacturing Technology: Machine Operator,Grade 11,Workplace Preparation (Grade 11 & 12 level),24
TMO4E,Manufacturing Technology: Machine Operator,Grade 12,Workplace Preparation (Grade 11 & 12 level),<10
TMP3C,Manufacturing Technology: Precision Machining,Grade 11,College Preparation (Grade 11 & 12 level),186
TMP4C,Manufacturing Technology: Precision Machining,Grade 12,College Preparation (Grade 11 & 12 level),104
TMR3M,Manufacturing Engineering Technology: Robotics and Control Systems,Grade 11,University/College Preparation (Grade 11 & 12 level),164
TMR4M,Manufacturing Engineering Technology: Robotics and Control Systems,Grade 12,University/College Preparation (Grade 11 & 12 level),38
TMS3E,Manufacturing Technology: Sheet Metal,Grade 11,Workplace Preparation (Grade 11 & 12 level),34
TMS4E,Manufacturing Technology: Sheet Metal,Grade 12,Workplace Preparation (Grade 11 & 12 level),<10
TMT4C,Manufacturing Technology: Robotics and Control Systems Technician,Grade 12,College Preparation (Grade 11 & 12 level),<10
TMW3E,Manufacturing Technology: Welding,Grade 11,Workplace Preparation (Grade 11 & 12 level),1018
TMW4E,Manufacturing Technology: Welding,Grade 12,Workplace Preparation (Grade 11 & 12 level),507
TMY3C,Manufacturing Technology: Welding Technician,Grade 11,College Preparation (Grade 11 & 12 level),408
TMY4C,Manufacturing Technology: Welding Technician,Grade 12,College Preparation (Grade 11 & 12 level),192
TOC4C,Child Development and Gerontology: Child Development,Grade 12,College Preparation (Grade 11 & 12 level),43
TOJ4C,Child Development and Gerontology,Grade 12,College Preparation (Grade 11 & 12 level),1695
TPD3M,Health Care: Dental Services,Grade 11,University/College Preparation (Grade 11 & 12 level),<10
TPD4M,Health Care: Dental Services,Grade 12,University/College Preparation (Grade 11 & 12 level),10
TPE3E,Hairstyling and Aesthetics,Grade 11,Workplace Preparation (Grade 11 & 12 level),<10
TPJ1O,Exploring Health Care,Grade 9,Open (Grade 9 - 12 level),191
TPJ2O,Health Care,Grade 10,Open (Grade 9 - 12 level),978
TPJ3C,Health Care,Grade 11,College Preparation (Grade 11 & 12 level),2732
TPJ3M,Health Care,Grade 11,University/College Preparation (Grade 11 & 12 level),3295
TPJ4C,Health Care,Grade 12,College Preparation (Grade 11 & 12 level),1103
TPJ4E,Health Care: Support Services,Grade 12,Workplace Preparation (Grade 11 & 12 level),174
TPJ4M,Health Care,Grade 12,University/College Preparation (Grade 11 & 12 level),1234
TPM4M,Health Care: Nursing/Medical Services,Grade 12,University/College Preparation (Grade 11 & 12 level),<10
TPO4C,Child Development and Gerontology,Grade 12,College Preparation (Grade 11 & 12 level),29
TPT4M,Health Care: Therapy Services,Grade 12,University/College Preparation (Grade 11 & 12 level),16
TTA3C,Transportation Technology: Auto Service,Grade 11,College Preparation (Grade 11 & 12 level),1917
TTA4C,Transportation Technology: Auto Service,Grade 12,College Preparation (Grade 11 & 12 level),1004
TTB3C,Transportation Technology: Auto Body,Grade 11,College Preparation (Grade 11 & 12 level),757
TTB4C,Transportation Technology: Auto Body,Grade 12,College Preparation (Grade 11 & 12 level),356
TTH3C,Transportation Technology: Heavy Duty and Agricultural Equipment,Grade 11,College Preparation (Grade 11 & 12 level),84
TTH4C,Transportation Technology: Heavy Duty and Agricultural Equipment,Grade 12,College Preparation (Grade 11 & 12 level),40
TTI1O,Integrated Technologies,Grade 9,Open (Grade 9 - 12 level),305
TTJ1O,Exploring Transportation Technology,Grade 9,Open (Grade 9 - 12 level),1443
TTJ2O,Transportation Technology,Grade 10,Open (Grade 9 - 12 level),17653
TTJ3C,Transportation Technology,Grade 11,College Preparation (Grade 11 & 12 level),15441
TTJ3E,Transportation Technology,Grade 11,Workplace Preparation (Grade 11 & 12 level),115
TTJ3O,Transportation Technology: Vehicle Ownership,Grade 11,Open (Grade 9 - 12 level),2567
TTJ4C,Transportation Technology,Grade 12,College Preparation (Grade 11 & 12 level),6748
TTJ4E,Transportation Technology: Vehicle Maintenance,Grade 12,Workplace Preparation (Grade 11 & 12 level),1774
TTL3C,Transportation Technology: Light Aircraft,Grade 11,College Preparation (Grade 11 & 12 level),43
TTL4C,Transportation Technology: Light Aircraft,Grade 12,College Preparation (Grade 11 & 12 level),12
TTS3C,Transportation Technology: Small Engine and Recreational Equipment,Grade 11,College Preparation (Grade 11 & 12 level),859
TTS4C,Transportation Technology: Small Engine and Recreational Equipment,Grade 12,College Preparation (Grade 11 & 12 level),198
TTT3C,Transportation Technology: Truck and Coach,Grade 11,College Preparation (Grade 11 & 12 level),52
TTT4C,Transportation Technology: Truck and Coach,Grade 12,College Preparation (Grade 11 & 12 level),30
TWJ3E,Custom Woodworking,Grade 11,Workplace Preparation (Grade 11 & 12 level),6025
TWJ4E,Custom Woodworking,Grade 12,Workplace Preparation (Grade 11 & 12 level),2262
TXA3E,Hairstyling and Aesthetics: Aesthetics,Grade 11,Workplace Preparation (Grade 11 & 12 level),209
TXA4E,Hairstyling and Aesthetics: Aesthetics,Grade 12,Workplace Preparation (Grade 11 & 12 level),137
TXH3E,Hairstyling and Aesthetics: Hairstyling,Grade 11,Workplace Preparation (Grade 11 & 12 level),546
TXH4E,Hairstyling and Aesthetics: Hairstyling,Grade 12,Workplace Preparation (Grade 11 & 12 level),221
TXJ1O,Exploring Hairstyling and Aesthetics,Grade 9,Open (Grade 9 - 12 level),1185
TXJ2O,Hairstyling and Aesthetics,Grade 10,Open (Grade 9 - 12 level),7326
TXJ3E,Hairstyling and Aesthetics,Grade 11,Workplace Preparation (Grade 11 & 12 level),6094
TXJ4E,Hairstyling and Aesthetics,Grade 12,Workplace Preparation (Grade 11 & 12 level),2136
