Board number,Board name,Course code,Course Description,Grade,Pathway or destination
B28010,Algoma DSB,CHC2L,Canadian History,Grade 10,Locally Developed Compulsory Course
B28010,Algoma DSB,ENG1L,English,Grade 9,Locally Developed Compulsory Course
B28010,Algoma DSB,ENG2L,English,Grade 10,Locally Developed Compulsory Course
B28010,Algoma DSB,MAT1L,Mathematics,Grade 9,Locally Developed Compulsory Course
B28010,Algoma DSB,MAT2L,Mathematics,Grade 10,Locally Developed Compulsory Course
B28010,Algoma DSB,SNC1L,Science,Grade 9,Locally Developed Compulsory Course
B28010,Algoma DSB,SNC2L,Science,Grade 10,Locally Developed Compulsory Course
B67202,Algonquin and Lakeshore CDSB,CHC2L,Canadian History,Grade 10,Locally Developed Compulsory Course
B67202,Algonquin and Lakeshore CDSB,ENG1L,English,Grade 9,Locally Developed Compulsory Course
B67202,Algonquin and Lakeshore CDSB,ENG2L,English,Grade 10,Locally Developed Compulsory Course
B67202,Algonquin and Lakeshore CDSB,MAT1L,Mathematics,Grade 9,Locally Developed Compulsory Course
B67202,Algonquin and Lakeshore CDSB,MAT2L,Mathematics,Grade 10,Locally Developed Compulsory Course
B67202,Algonquin and Lakeshore CDSB,SNC1L,Science,Grade 9,Locally Developed Compulsory Course
B67202,Algonquin and Lakeshore CDSB,SNC2L,Science,Grade 10,Locally Developed Compulsory Course
B66010,Avon Maitland DSB,CHC2L,Canadian History,Grade 10,Locally Developed Compulsory Course
B66010,Avon Maitland DSB,ENG1L,English,Grade 9,Locally Developed Compulsory Course
B66010,Avon Maitland DSB,ENG2L,English,Grade 10,Locally Developed Compulsory Course
B66010,Avon Maitland DSB,MAT1L,Mathematics,Grade 9,Locally Developed Compulsory Course
B66010,Avon Maitland DSB,MAT2L,Mathematics,Grade 10,Locally Developed Compulsory Course
B66010,Avon Maitland DSB,SNC1L,Science,Grade 9,Locally Developed Compulsory Course
B66010,Avon Maitland DSB,SNC2L,Science,Grade 10,Locally Developed Compulsory Course
B66001,Bluewater DSB,CHC2L,Canadian History,Grade 10,Locally Developed Compulsory Course
B66001,Bluewater DSB,ENG1L,English,Grade 9,Locally Developed Compulsory Course
B66001,Bluewater DSB,ENG2L,English,Grade 10,Locally Developed Compulsory Course
B66001,Bluewater DSB,MAT1L,Mathematics,Grade 9,Locally Developed Compulsory Course
B66001,Bluewater DSB,MAT2L,Mathematics,Grade 10,Locally Developed Compulsory Course
B66001,Bluewater DSB,SAN43,Livestock Production,Grade 12,Open (Grade 9 & 10 level LDC)
B66001,Bluewater DSB,SAP33,Animal Science (Revised),Grade 11,Open (Grade 9 & 10 level LDC)
B66001,Bluewater DSB,SHX43,Agricultural Business & Crop Production,Grade 12,Open (Grade 9 & 10 level LDC)
B66001,Bluewater DSB,SHY33,Greenhouse Science,Grade 11,Open (Grade 9 & 10 level LDC)
B66001,Bluewater DSB,SNC1L,Science,Grade 9,Locally Developed Compulsory Course
B66001,Bluewater DSB,SNC2L,Science,Grade 10,Locally Developed Compulsory Course
B67164,Brant Haldimand Norfolk CDSB,CHC2L,Canadian History,Grade 10,Locally Developed Compulsory Course
B67164,Brant Haldimand Norfolk CDSB,ENG1L,English,Grade 9,Locally Developed Compulsory Course
B67164,Brant Haldimand Norfolk CDSB,ENG2L,English,Grade 10,Locally Developed Compulsory Course
B67164,Brant Haldimand Norfolk CDSB,FSF14,French,Grade 9,"Compulsory English, Francais, Math or Science (Grade 9 & 10"
B67164,Brant Haldimand Norfolk CDSB,MAT1L,Mathematics,Grade 9,Locally Developed Compulsory Course
B67164,Brant Haldimand Norfolk CDSB,MAT2L,Mathematics,Grade 10,Locally Developed Compulsory Course
B67164,Brant Haldimand Norfolk CDSB,SNC1L,Science,Grade 9,Locally Developed Compulsory Course
B67164,Brant Haldimand Norfolk CDSB,SNC2L,Science,Grade 10,Locally Developed Compulsory Course
B67008,Bruce-Grey CDSB,CHC2L,Canadian History,Grade 10,Locally Developed Compulsory Course
B67008,Bruce-Grey CDSB,ENG1L,English,Grade 9,Locally Developed Compulsory Course
B67008,Bruce-Grey CDSB,ENG2L,English,Grade 10,Locally Developed Compulsory Course
B67008,Bruce-Grey CDSB,MAT1L,Mathematics,Grade 9,Locally Developed Compulsory Course
B67008,Bruce-Grey CDSB,MAT2L,Mathematics,Grade 10,Locally Developed Compulsory Course
B67008,Bruce-Grey CDSB,SNC1L,Science,Grade 9,Locally Developed Compulsory Course
B67008,Bruce-Grey CDSB,SNC2L,Science,Grade 10,Locally Developed Compulsory Course
B67172,CDSB of Eastern Ontario,CHC2L,Canadian History,Grade 10,Locally Developed Compulsory Course
B67172,CDSB of Eastern Ontario,ENG1L,English,Grade 9,Locally Developed Compulsory Course
B67172,CDSB of Eastern Ontario,ENG2L,English,Grade 10,Locally Developed Compulsory Course
B67172,CDSB of Eastern Ontario,MAT1L,Mathematics,Grade 9,Locally Developed Compulsory Course
B67172,CDSB of Eastern Ontario,MAT2L,Mathematics,Grade 10,Locally Developed Compulsory Course
B67172,CDSB of Eastern Ontario,SNC1L,Science,Grade 9,Locally Developed Compulsory Course
B67172,CDSB of Eastern Ontario,SNC2L,Science,Grade 10,Locally Developed Compulsory Course
B66303,CS Viamonde,CHC2L,Histoire du Canada,Grade 10,Locally Developed Compulsory Course
B66303,CS Viamonde,EAE1L,English,Grade 9,Locally Developed Compulsory Course
B66303,CS Viamonde,EAE2L,English,Grade 10,Locally Developed Compulsory Course
B66303,CS Viamonde,FRA1L,Franáais,Grade 9,Locally Developed Compulsory Course
B66303,CS Viamonde,FRA2L,Franáais,Grade 10,Locally Developed Compulsory Course
B66303,CS Viamonde,MAT1L,MathÇmatiques,Grade 9,Locally Developed Compulsory Course
B66303,CS Viamonde,MAT2L,MathÇmatiques,Grade 10,Locally Developed Compulsory Course
B66303,CS Viamonde,SNC1L,Sciences,Grade 9,Locally Developed Compulsory Course
B66303,CS Viamonde,SNC2L,Sciences,Grade 10,Locally Developed Compulsory Course
B28118,CSD du Grand Nord de l'Ontario,CHC2L,Histoire du Canada,Grade 10,Locally Developed Compulsory Course
B28118,CSD du Grand Nord de l'Ontario,EAE1L,English,Grade 9,Locally Developed Compulsory Course
B28118,CSD du Grand Nord de l'Ontario,EAE2L,English,Grade 10,Locally Developed Compulsory Course
B28118,CSD du Grand Nord de l'Ontario,FRA1L,Franáais,Grade 9,Locally Developed Compulsory Course
B28118,CSD du Grand Nord de l'Ontario,FRA2L,Franáais,Grade 10,Locally Developed Compulsory Course
B28118,CSD du Grand Nord de l'Ontario,MAT1L,MathÇmatiques,Grade 9,Locally Developed Compulsory Course
B28118,CSD du Grand Nord de l'Ontario,MAT2L,MathÇmatiques,Grade 10,Locally Developed Compulsory Course
B28118,CSD du Grand Nord de l'Ontario,SNC1L,Sciences,Grade 9,Locally Developed Compulsory Course
B28118,CSD du Grand Nord de l'Ontario,SNC2L,Sciences,Grade 10,Locally Developed Compulsory Course
B28100,CSD du Nord-Est de l'Ontario,CHC2L,Histoire du Canada,Grade 10,Locally Developed Compulsory Course
B28100,CSD du Nord-Est de l'Ontario,EAE1L,English,Grade 9,Locally Developed Compulsory Course
B28100,CSD du Nord-Est de l'Ontario,EAE2L,English,Grade 10,Locally Developed Compulsory Course
B28100,CSD du Nord-Est de l'Ontario,FRA1L,Franáais,Grade 9,Locally Developed Compulsory Course
B28100,CSD du Nord-Est de l'Ontario,FRA2L,Franáais,Grade 10,Locally Developed Compulsory Course
B28100,CSD du Nord-Est de l'Ontario,MAT1L,MathÇmatiques,Grade 9,Locally Developed Compulsory Course
B28100,CSD du Nord-Est de l'Ontario,MAT2L,MathÇmatiques,Grade 10,Locally Developed Compulsory Course
B28100,CSD du Nord-Est de l'Ontario,SNC1L,Sciences,Grade 9,Locally Developed Compulsory Course
B28100,CSD du Nord-Est de l'Ontario,SNC2L,Sciences,Grade 10,Locally Developed Compulsory Course
B67318,CSDC Centre-Sud,CHC23,Histoire,Grade 10,Open (Grade 9 & 10 level LDC)
B67318,CSDC Centre-Sud,CHC2L,Histoire du Canada,Grade 10,Locally Developed Compulsory Course
B67318,CSDC Centre-Sud,EAE1L,English,Grade 9,Locally Developed Compulsory Course
B67318,CSDC Centre-Sud,EAE2L,English,Grade 10,Locally Developed Compulsory Course
B67318,CSDC Centre-Sud,FRA1L,Franáais,Grade 9,Locally Developed Compulsory Course
B67318,CSDC Centre-Sud,FRA2L,Franáais,Grade 10,Locally Developed Compulsory Course
B67318,CSDC Centre-Sud,MAT1L,MathÇmatiques,Grade 9,Locally Developed Compulsory Course
B67318,CSDC Centre-Sud,MAT2L,MathÇmatiques,Grade 10,Locally Developed Compulsory Course
B67318,CSDC Centre-Sud,SNC1L,Sciences,Grade 9,Locally Developed Compulsory Course
B67318,CSDC Centre-Sud,SNC2L,Sciences,Grade 10,Locally Developed Compulsory Course
B29114,CSDC Franco-Nord,CHC2L,Histoire du Canada,Grade 10,Locally Developed Compulsory Course
B29114,CSDC Franco-Nord,EAE1L,English,Grade 9,Locally Developed Compulsory Course
B29114,CSDC Franco-Nord,EAE2L,English,Grade 10,Locally Developed Compulsory Course
B29114,CSDC Franco-Nord,FRA1L,Franáais,Grade 9,Locally Developed Compulsory Course
B29114,CSDC Franco-Nord,FRA2L,Franáais,Grade 10,Locally Developed Compulsory Course
B29114,CSDC Franco-Nord,MAT1L,MathÇmatiques,Grade 9,Locally Developed Compulsory Course
B29114,CSDC Franco-Nord,MAT2L,MathÇmatiques,Grade 10,Locally Developed Compulsory Course
B29114,CSDC Franco-Nord,SNC1L,Sciences,Grade 9,Locally Developed Compulsory Course
B29114,CSDC Franco-Nord,SNC2L,Sciences,Grade 10,Locally Developed Compulsory Course
B67326,CSDC de l'Est ontarien,CHC2L,Histoire du Canada,Grade 10,Locally Developed Compulsory Course
B67326,CSDC de l'Est ontarien,EAE1L,English,Grade 9,Locally Developed Compulsory Course
B67326,CSDC de l'Est ontarien,EAE2L,English,Grade 10,Locally Developed Compulsory Course
B67326,CSDC de l'Est ontarien,FRA1L,Franáais,Grade 9,Locally Developed Compulsory Course
B67326,CSDC de l'Est ontarien,FRA2L,Franáais,Grade 10,Locally Developed Compulsory Course
B67326,CSDC de l'Est ontarien,MAT1L,MathÇmatiques,Grade 9,Locally Developed Compulsory Course
B67326,CSDC de l'Est ontarien,MAT2L,MathÇmatiques,Grade 10,Locally Developed Compulsory Course
B67326,CSDC de l'Est ontarien,SNC1L,Sciences,Grade 9,Locally Developed Compulsory Course
B67326,CSDC de l'Est ontarien,SNC2L,Sciences,Grade 10,Locally Developed Compulsory Course
B29130,CSDC des Aurores borÇales,CHC2L,Histoire du Canada,Grade 10,Locally Developed Compulsory Course
B29130,CSDC des Aurores borÇales,EAE1L,English,Grade 9,Locally Developed Compulsory Course
B29130,CSDC des Aurores borÇales,EAE2L,English,Grade 10,Locally Developed Compulsory Course
B29130,CSDC des Aurores borÇales,FRA1L,Franáais,Grade 9,Locally Developed Compulsory Course
B29130,CSDC des Aurores borÇales,FRA2L,Franáais,Grade 10,Locally Developed Compulsory Course
B29130,CSDC des Aurores borÇales,MAT1L,MathÇmatiques,Grade 9,Locally Developed Compulsory Course
B29130,CSDC des Aurores borÇales,MAT2L,MathÇmatiques,Grade 10,Locally Developed Compulsory Course
B29130,CSDC des Aurores borÇales,SNC1L,Sciences,Grade 9,Locally Developed Compulsory Course
B29130,CSDC des Aurores borÇales,SNC2L,Sciences,Grade 10,Locally Developed Compulsory Course
B29106,CSDC des Grandes Riviäres,CHC2L,Histoire du Canada,Grade 10,Locally Developed Compulsory Course
B29106,CSDC des Grandes Riviäres,EAE1L,English,Grade 9,Locally Developed Compulsory Course
B29106,CSDC des Grandes Riviäres,EAE2L,English,Grade 10,Locally Developed Compulsory Course
B29106,CSDC des Grandes Riviäres,FRA1L,Franáais,Grade 9,Locally Developed Compulsory Course
B29106,CSDC des Grandes Riviäres,FRA2L,Franáais,Grade 10,Locally Developed Compulsory Course
B29106,CSDC des Grandes Riviäres,MAT1L,MathÇmatiques,Grade 9,Locally Developed Compulsory Course
B29106,CSDC des Grandes Riviäres,MAT2L,MathÇmatiques,Grade 10,Locally Developed Compulsory Course
B29106,CSDC des Grandes Riviäres,SGM35,Introduction Ö l'industrie miniäre,Grade 11,Workplace Preparation (Grade 11 & 12 level LDC)
B29106,CSDC des Grandes Riviäres,SGM38,Introduction Ö l'industrie miniäre,Grade 11,University/College Preparation (Grade 11 & 12 level LDC)
B29106,CSDC des Grandes Riviäres,SNC1L,Sciences,Grade 9,Locally Developed Compulsory Course
B29106,CSDC des Grandes Riviäres,SNC2L,Sciences,Grade 10,Locally Developed Compulsory Course
B67334,CSDC du Centre-Est de l'Ontario,CHC2L,Histoire du Canada,Grade 10,Locally Developed Compulsory Course
B67334,CSDC du Centre-Est de l'Ontario,EAE1L,English,Grade 9,Locally Developed Compulsory Course
B67334,CSDC du Centre-Est de l'Ontario,EAE2L,English,Grade 10,Locally Developed Compulsory Course
B67334,CSDC du Centre-Est de l'Ontario,FRA1L,Franáais,Grade 9,Locally Developed Compulsory Course
B67334,CSDC du Centre-Est de l'Ontario,FRA2L,Franáais,Grade 10,Locally Developed Compulsory Course
B67334,CSDC du Centre-Est de l'Ontario,MAT1L,MathÇmatiques,Grade 9,Locally Developed Compulsory Course
B67334,CSDC du Centre-Est de l'Ontario,MAT2L,MathÇmatiques,Grade 10,Locally Developed Compulsory Course
B67334,CSDC du Centre-Est de l'Ontario,SNC1L,Sciences,Grade 9,Locally Developed Compulsory Course
B67334,CSDC du Centre-Est de l'Ontario,SNC2L,Sciences,Grade 10,Locally Developed Compulsory Course
B29122,CSDC du Nouvel-Ontario,CHC2L,Histoire du Canada,Grade 10,Locally Developed Compulsory Course
B29122,CSDC du Nouvel-Ontario,EAE1L,English,Grade 9,Locally Developed Compulsory Course
B29122,CSDC du Nouvel-Ontario,EAE2L,English,Grade 10,Locally Developed Compulsory Course
B29122,CSDC du Nouvel-Ontario,FRA1L,Franáais,Grade 9,Locally Developed Compulsory Course
B29122,CSDC du Nouvel-Ontario,FRA2L,Franáais,Grade 10,Locally Developed Compulsory Course
B29122,CSDC du Nouvel-Ontario,MAT1L,MathÇmatiques,Grade 9,Locally Developed Compulsory Course
B29122,CSDC du Nouvel-Ontario,MAT2L,MathÇmatiques,Grade 10,Locally Developed Compulsory Course
B29122,CSDC du Nouvel-Ontario,SGM35,Introduction Ö l'industrie miniäre,Grade 11,Workplace Preparation (Grade 11 & 12 level LDC)
B29122,CSDC du Nouvel-Ontario,SGM38,Introduction Ö l'industrie miniäre,Grade 11,University/College Preparation (Grade 11 & 12 level LDC)
B29122,CSDC du Nouvel-Ontario,SNC1L,Sciences,Grade 9,Locally Developed Compulsory Course
B29122,CSDC du Nouvel-Ontario,SNC2L,Sciences,Grade 10,Locally Developed Compulsory Course
B67300,Conseil scolaire catholique Providence,CHC2L,Histoire du Canada,Grade 10,Locally Developed Compulsory Course
B67300,Conseil scolaire catholique Providence,EAE1L,English,Grade 9,Locally Developed Compulsory Course
B67300,Conseil scolaire catholique Providence,EAE2L,English,Grade 10,Locally Developed Compulsory Course
B67300,Conseil scolaire catholique Providence,FRA1L,Franáais,Grade 9,Locally Developed Compulsory Course
B67300,Conseil scolaire catholique Providence,FRA23,Franáais,Grade 10,Open (Grade 9 & 10 level LDC)
B67300,Conseil scolaire catholique Providence,FRA2L,Franáais,Grade 10,Locally Developed Compulsory Course
B67300,Conseil scolaire catholique Providence,MAT1L,MathÇmatiques,Grade 9,Locally Developed Compulsory Course
B67300,Conseil scolaire catholique Providence,MAT2L,MathÇmatiques,Grade 10,Locally Developed Compulsory Course
B67300,Conseil scolaire catholique Providence,SNC1L,Sciences,Grade 9,Locally Developed Compulsory Course
B67300,Conseil scolaire catholique Providence,SNC2L,Sciences,Grade 10,Locally Developed Compulsory Course
B66311,CêP de l'Est de l'Ontario,CHC2L,Histoire du Canada,Grade 10,Locally Developed Compulsory Course
B66311,CêP de l'Est de l'Ontario,EAE1L,English,Grade 9,Locally Developed Compulsory Course
B66311,CêP de l'Est de l'Ontario,EAE2L,English,Grade 10,Locally Developed Compulsory Course
B66311,CêP de l'Est de l'Ontario,FRA1L,Franáais,Grade 9,Locally Developed Compulsory Course
B66311,CêP de l'Est de l'Ontario,FRA2L,Franáais,Grade 10,Locally Developed Compulsory Course
B66311,CêP de l'Est de l'Ontario,MAT1L,MathÇmatiques,Grade 9,Locally Developed Compulsory Course
B66311,CêP de l'Est de l'Ontario,MAT2L,MathÇmatiques,Grade 10,Locally Developed Compulsory Course
B66311,CêP de l'Est de l'Ontario,SNC1L,Sciences,Grade 9,Locally Developed Compulsory Course
B66311,CêP de l'Est de l'Ontario,SNC2L,Sciences,Grade 10,Locally Developed Compulsory Course
B66150,DSB Niagara,CHC2L,Canadian History,Grade 10,Locally Developed Compulsory Course
B66150,DSB Niagara,ENG1L,English,Grade 9,Locally Developed Compulsory Course
B66150,DSB Niagara,ENG2L,English,Grade 10,Locally Developed Compulsory Course
B66150,DSB Niagara,MAT1L,Mathematics,Grade 9,Locally Developed Compulsory Course
B66150,DSB Niagara,MAT2L,Mathematics,Grade 10,Locally Developed Compulsory Course
B66150,DSB Niagara,SAN33,Animal Science,Grade 11,Open (Grade 9 & 10 level LDC)
B66150,DSB Niagara,SHX33,Horticulture,Grade 11,Open (Grade 9 & 10 level LDC)
B66150,DSB Niagara,SNC1L,Science,Grade 9,Locally Developed Compulsory Course
B66150,DSB Niagara,SNC2L,Science,Grade 10,Locally Developed Compulsory Course
B28002,DSB Ontario North East,CHC2L,Canadian History,Grade 10,Locally Developed Compulsory Course
B28002,DSB Ontario North East,ENG1L,English,Grade 9,Locally Developed Compulsory Course
B28002,DSB Ontario North East,ENG2L,English,Grade 10,Locally Developed Compulsory Course
B28002,DSB Ontario North East,MAT1L,Mathematics,Grade 9,Locally Developed Compulsory Course
B28002,DSB Ontario North East,MAT2L,Mathematics,Grade 10,Locally Developed Compulsory Course
B28002,DSB Ontario North East,SNC1L,SCIENCE,Grade 9,Locally Developed Compulsory Course
B28002,DSB Ontario North East,SNC2L,SCIENCE,Grade 10,Locally Developed Compulsory Course
B67083,Dufferin-Peel CDSB,CHC2L,Canadian History,Grade 10,Locally Developed Compulsory Course
B67083,Dufferin-Peel CDSB,ENG1L,English,Grade 9,Locally Developed Compulsory Course
B67083,Dufferin-Peel CDSB,ENG2L,English,Grade 10,Locally Developed Compulsory Course
B67083,Dufferin-Peel CDSB,MAT1L,Mathematics,Grade 9,Locally Developed Compulsory Course
B67083,Dufferin-Peel CDSB,MAT2L,Mathematics,Grade 10,Locally Developed Compulsory Course
B67083,Dufferin-Peel CDSB,SNC1L,Science,Grade 9,Locally Developed Compulsory Course
B67083,Dufferin-Peel CDSB,SNC2L,Science,Grade 10,Locally Developed Compulsory Course
B67105,Durham CDSB,CHC2L,Canadian History,Grade 10,Locally Developed Compulsory Course
B67105,Durham CDSB,CHG38,Genocide and Crimes Against Humanity,Grade 11,University/College Preparation (Grade 11 & 12 level LDC)
B67105,Durham CDSB,ENG1L,English,Grade 9,Locally Developed Compulsory Course
B67105,Durham CDSB,ENG2L,English,Grade 10,Locally Developed Compulsory Course
B67105,Durham CDSB,MAT1L,Mathematics,Grade 9,Locally Developed Compulsory Course
B67105,Durham CDSB,MAT2L,Mathematics,Grade 10,Locally Developed Compulsory Course
B67105,Durham CDSB,SNC1L,Science,Grade 9,Locally Developed Compulsory Course
B67105,Durham CDSB,SNC2L,Science,Grade 10,Locally Developed Compulsory Course
B66060,Durham DSB,CHC2L,Canadian History,Grade 10,Locally Developed Compulsory Course
B66060,Durham DSB,ENG1L,English,Grade 9,Locally Developed Compulsory Course
B66060,Durham DSB,ENG2L,English,Grade 10,Locally Developed Compulsory Course
B66060,Durham DSB,MAT1L,Mathematics,Grade 9,Locally Developed Compulsory Course
B66060,Durham DSB,MAT2L,Mathematics,Grade 10,Locally Developed Compulsory Course
B66060,Durham DSB,SNC1L,Science,Grade 9,Locally Developed Compulsory Course
B66060,Durham DSB,SNC2L,Science,Grade 10,Locally Developed Compulsory Course
B66168,Grand Erie DSB,CHC2L,Canadian History,Grade 10,Locally Developed Compulsory Course
B66168,Grand Erie DSB,ENG1L,English,Grade 9,Locally Developed Compulsory Course
B66168,Grand Erie DSB,ENG2L,English,Grade 10,Locally Developed Compulsory Course
B66168,Grand Erie DSB,MAT1L,Mathematics,Grade 9,Locally Developed Compulsory Course
B66168,Grand Erie DSB,MAT2L,Mathematics,Grade 10,Locally Developed Compulsory Course
B66168,Grand Erie DSB,SFE38,Field Ecology Science,Grade 11,University/College Preparation (Grade 11 & 12 level LDC)
B66168,Grand Erie DSB,SNC1L,Science,Grade 9,Locally Developed Compulsory Course
B66168,Grand Erie DSB,SNC2L,Science,Grade 10,Locally Developed Compulsory Course
B66028,Greater Essex County DSB,CAS33,History of Africa and Peoples of African Descent,Grade 11,Open (Grade 9 & 10 level LDC)
B66028,Greater Essex County DSB,CHC2L,Canadian History,Grade 10,Locally Developed Compulsory Course
B66028,Greater Essex County DSB,CHG38,Genocide and Crimes Against Humanity,Grade 11,University/College Preparation (Grade 11 & 12 level LDC)
B66028,Greater Essex County DSB,ENG1L,English,Grade 9,Locally Developed Compulsory Course
B66028,Greater Essex County DSB,ENG2L,English,Grade 10,Locally Developed Compulsory Course
B66028,Greater Essex County DSB,FSF14,French,Grade 9,"Compulsory English, Francais, Math or Science (Grade 9 & 10"
B66028,Greater Essex County DSB,MAT1L,Mathematics,Grade 9,Locally Developed Compulsory Course
B66028,Greater Essex County DSB,MAT2L,Mathematics,Grade 10,Locally Developed Compulsory Course
B66028,Greater Essex County DSB,SNC1L,Science,Grade 9,Locally Developed Compulsory Course
B66028,Greater Essex County DSB,SNC21,Physics of Engineering,Grade 10,Academic (Grade 9 & 10 level LDC)
B66028,Greater Essex County DSB,SNC2L,Science,Grade 10,Locally Developed Compulsory Course
B67113,Halton CDSB,CHC2L,Canadian History,Grade 10,Locally Developed Compulsory Course
B67113,Halton CDSB,ENG1L,English,Grade 9,Locally Developed Compulsory Course
B67113,Halton CDSB,ENG2L,English,Grade 10,Locally Developed Compulsory Course
B67113,Halton CDSB,MAT1L,Mathematics,Grade 9,Locally Developed Compulsory Course
B67113,Halton CDSB,MAT2L,Mathematics,Grade 10,Locally Developed Compulsory Course
B67113,Halton CDSB,SNC1L,Science,Grade 9,Locally Developed Compulsory Course
B67113,Halton CDSB,SNC2L,Science,Grade 10,Locally Developed Compulsory Course
B66133,Halton DSB,CHC2L,Canadian History,Grade 10,Locally Developed Compulsory Course
B66133,Halton DSB,ENG1L,English,Grade 9,Locally Developed Compulsory Course
B66133,Halton DSB,ENG2L,English,Grade 10,Locally Developed Compulsory Course
B66133,Halton DSB,MAT1L,Mathematics,Grade 9,Locally Developed Compulsory Course
B66133,Halton DSB,MAT2L,Mathematics,Grade 10,Locally Developed Compulsory Course
B66133,Halton DSB,SNC1L,Science,Grade 9,Locally Developed Compulsory Course
B66133,Halton DSB,SNC2L,Science,Grade 10,Locally Developed Compulsory Course
B67121,Hamilton-Wentworth CDSB,CHC2L,Canadian History,Grade 10,Locally Developed Compulsory Course
B67121,Hamilton-Wentworth CDSB,ENG1L,English,Grade 9,Locally Developed Compulsory Course
B67121,Hamilton-Wentworth CDSB,ENG2L,English,Grade 10,Locally Developed Compulsory Course
B67121,Hamilton-Wentworth CDSB,FSF14,French,Grade 9,"Compulsory English, Francais, Math or Science (Grade 9 & 10"
B67121,Hamilton-Wentworth CDSB,MAT1L,Mathematics,Grade 9,Locally Developed Compulsory Course
B67121,Hamilton-Wentworth CDSB,MAT2L,Mathematics,Grade 10,Locally Developed Compulsory Course
B67121,Hamilton-Wentworth CDSB,SNC1L,Science,Grade 9,Locally Developed Compulsory Course
B67121,Hamilton-Wentworth CDSB,SNC2L,Science,Grade 10,Locally Developed Compulsory Course
B66141,Hamilton-Wentworth DSB,CHC2L,Canadian History,Grade 10,Locally Developed Compulsory Course
B66141,Hamilton-Wentworth DSB,CHG38,Genocide and Crimes Against Humanity,Grade 11,University/College Preparation (Grade 11 & 12 level LDC)
B66141,Hamilton-Wentworth DSB,ENG1L,English,Grade 9,Locally Developed Compulsory Course
B66141,Hamilton-Wentworth DSB,ENG2L,English,Grade 10,Locally Developed Compulsory Course
B66141,Hamilton-Wentworth DSB,FSF14,French,Grade 9,"Compulsory English, Francais, Math or Science (Grade 9 & 10"
B66141,Hamilton-Wentworth DSB,MAT1L,Mathematics,Grade 9,Locally Developed Compulsory Course
B66141,Hamilton-Wentworth DSB,MAT2L,Mathematics,Grade 10,Locally Developed Compulsory Course
B66141,Hamilton-Wentworth DSB,SNC1L,Science,Grade 9,Locally Developed Compulsory Course
B66141,Hamilton-Wentworth DSB,SNC2L,Science,Grade 10,Locally Developed Compulsory Course
B66222,Hastings & Prince Edward DSB,CGR13,Natural Resource Management,Grade 9,Open (Grade 9 & 10 level LDC)
B66222,Hastings & Prince Edward DSB,CHC2L,Canadian History,Grade 10,Locally Developed Compulsory Course
B66222,Hastings & Prince Edward DSB,ENG1L,English,Grade 9,Locally Developed Compulsory Course
B66222,Hastings & Prince Edward DSB,ENG2L,English,Grade 10,Locally Developed Compulsory Course
B66222,Hastings & Prince Edward DSB,MAT1L,Mathematics,Grade 9,Locally Developed Compulsory Course
B66222,Hastings & Prince Edward DSB,MAT2L,Mathematics,Grade 10,Locally Developed Compulsory Course
B66222,Hastings & Prince Edward DSB,SNC1L,Science,Grade 9,Locally Developed Compulsory Course
B66222,Hastings & Prince Edward DSB,SNC2L,Science,Grade 10,Locally Developed Compulsory Course
B67016,Huron Perth CDSB,ENG1L,English,Grade 9,Locally Developed Compulsory Course
B67016,Huron Perth CDSB,ENG2L,English,Grade 10,Locally Developed Compulsory Course
B67016,Huron Perth CDSB,MAT1L,Mathematics,Grade 9,Locally Developed Compulsory Course
B67016,Huron Perth CDSB,MAT2L,Mathematics,Grade 10,Locally Developed Compulsory Course
B67016,Huron Perth CDSB,SNC1L,Science,Grade 9,Locally Developed Compulsory Course
B67016,Huron Perth CDSB,SNC2L,Science,Grade 10,Locally Developed Compulsory Course
B29025,Huron-Superior CDSB,ENG1L,English,Grade 9,Locally Developed Compulsory Course
B29025,Huron-Superior CDSB,ENG2L,English,Grade 10,Locally Developed Compulsory Course
B29025,Huron-Superior CDSB,MAT1L,Mathematics,Grade 9,Locally Developed Compulsory Course
B29025,Huron-Superior CDSB,MAT2L,Mathematics,Grade 10,Locally Developed Compulsory Course
B29025,Huron-Superior CDSB,SNC1L,Science,Grade 9,Locally Developed Compulsory Course
B29025,Huron-Superior CDSB,SNC2L,Science,Grade 10,Locally Developed Compulsory Course
B15148,James Bay Lowlands SSB,CHC2L,Canadian History,Grade 10,Locally Developed Compulsory Course
B15148,James Bay Lowlands SSB,ENG1L,English,Grade 9,Locally Developed Compulsory Course
B15148,James Bay Lowlands SSB,ENG2L,English,Grade 10,Locally Developed Compulsory Course
B15148,James Bay Lowlands SSB,MAT1L,Mathematics,Grade 9,Locally Developed Compulsory Course
B15148,James Bay Lowlands SSB,MAT2L,Mathematics,Grade 10,Locally Developed Compulsory Course
B15148,James Bay Lowlands SSB,SNC1L,SCIENCE,Grade 9,Locally Developed Compulsory Course
B15148,James Bay Lowlands SSB,SNC2L,SCIENCE,Grade 10,Locally Developed Compulsory Course
B66079,Kawartha Pine Ridge DSB,CHC2L,Canadian History,Grade 10,Locally Developed Compulsory Course
B66079,Kawartha Pine Ridge DSB,ENG1L,English,Grade 9,Locally Developed Compulsory Course
B66079,Kawartha Pine Ridge DSB,ENG2L,English,Grade 10,Locally Developed Compulsory Course
B66079,Kawartha Pine Ridge DSB,MAT1L,Mathematics,Grade 9,Locally Developed Compulsory Course
B66079,Kawartha Pine Ridge DSB,MAT2L,Mathematics,Grade 10,Locally Developed Compulsory Course
B66079,Kawartha Pine Ridge DSB,SAT33,Astronomy,Grade 11,Open (Grade 9 & 10 level LDC)
B66079,Kawartha Pine Ridge DSB,SNC1L,Science,Grade 9,Locally Developed Compulsory Course
B66079,Kawartha Pine Ridge DSB,SNC2L,Science,Grade 10,Locally Developed Compulsory Course
B28045,Keewatin-Patricia DSB,CHC2L,Canadian History,Grade 10,Locally Developed Compulsory Course
B28045,Keewatin-Patricia DSB,ENG1L,English,Grade 9,Locally Developed Compulsory Course
B28045,Keewatin-Patricia DSB,ENG2L,English,Grade 10,Locally Developed Compulsory Course
B28045,Keewatin-Patricia DSB,FSF14,French,Grade 9,"Compulsory English, Francais, Math or Science (Grade 9 & 10"
B28045,Keewatin-Patricia DSB,MAT1L,Mathematics,Grade 9,Locally Developed Compulsory Course
B28045,Keewatin-Patricia DSB,MAT2L,Mathematics,Grade 10,Locally Developed Compulsory Course
B28045,Keewatin-Patricia DSB,SNC1L,Science,Grade 9,Locally Developed Compulsory Course
B28045,Keewatin-Patricia DSB,SNC2L,Science,Grade 10,Locally Developed Compulsory Course
B29050,Kenora CDSB,CHC2L,Canadian History,Grade 10,Locally Developed Compulsory Course
B29050,Kenora CDSB,ENG1L,English,Grade 9,Locally Developed Compulsory Course
B29050,Kenora CDSB,ENG2L,English,Grade 10,Locally Developed Compulsory Course
B29050,Kenora CDSB,FSF14,French,Grade 9,"Compulsory English, Francais, Math or Science (Grade 9 & 10"
B29050,Kenora CDSB,MAT1L,Mathematics,Grade 9,Locally Developed Compulsory Course
B29050,Kenora CDSB,MAT2L,Mathematics,Grade 10,Locally Developed Compulsory Course
B29050,Kenora CDSB,SNC1L,Science,Grade 9,Locally Developed Compulsory Course
B29050,Kenora CDSB,SNC2L,Science,Grade 10,Locally Developed Compulsory Course
B28061,Lakehead DSB,CHC2L,Canadian History,Grade 10,Locally Developed Compulsory Course
B28061,Lakehead DSB,ENG1L,English,Grade 9,Locally Developed Compulsory Course
B28061,Lakehead DSB,ENG2L,English,Grade 10,Locally Developed Compulsory Course
B28061,Lakehead DSB,FSF14,French,Grade 9,"Compulsory English, Francais, Math or Science (Grade 9 & 10"
B28061,Lakehead DSB,MAT1L,Mathematics,Grade 9,Locally Developed Compulsory Course
B28061,Lakehead DSB,MAT2L,Mathematics,Grade 10,Locally Developed Compulsory Course
B28061,Lakehead DSB,NDE23,Aboriginal Transitions,Grade 10,Open (Grade 9 & 10 level LDC)
B28061,Lakehead DSB,SNC1L,Science,Grade 9,Locally Developed Compulsory Course
B28061,Lakehead DSB,SNC2L,Science,Grade 10,Locally Developed Compulsory Course
B66036,Lambton Kent DSB,CHC2L,Canadian History,Grade 10,Locally Developed Compulsory Course
B66036,Lambton Kent DSB,ENG1L,English,Grade 9,Locally Developed Compulsory Course
B66036,Lambton Kent DSB,ENG2L,English,Grade 10,Locally Developed Compulsory Course
B66036,Lambton Kent DSB,MAT1L,Mathematics,Grade 9,Locally Developed Compulsory Course
B66036,Lambton Kent DSB,MAT2L,Mathematics,Grade 10,Locally Developed Compulsory Course
B66036,Lambton Kent DSB,SNC1L,Science,Grade 9,Locally Developed Compulsory Course
B66036,Lambton Kent DSB,SNC2L,Science,Grade 10,Locally Developed Compulsory Course
B66206,Limestone DSB,CHC2L,Canadian History,Grade 10,Locally Developed Compulsory Course
B66206,Limestone DSB,ENG1L,English,Grade 9,Locally Developed Compulsory Course
B66206,Limestone DSB,ENG2L,English,Grade 10,Locally Developed Compulsory Course
B66206,Limestone DSB,MAT1L,Mathematics,Grade 9,Locally Developed Compulsory Course
B66206,Limestone DSB,MAT2L,Mathematics,Grade 10,Locally Developed Compulsory Course
B66206,Limestone DSB,SNC1L,Science,Grade 9,Locally Developed Compulsory Course
B66206,Limestone DSB,SNC2L,Science,Grade 10,Locally Developed Compulsory Course
B67032,London District Catholic School Board,ENG1L,English,Grade 9,Locally Developed Compulsory Course
B67032,London District Catholic School Board,ENG2L,English,Grade 10,Locally Developed Compulsory Course
B67032,London District Catholic School Board,MAT1L,Mathematics,Grade 9,Locally Developed Compulsory Course
B67032,London District Catholic School Board,MAT2L,Mathematics,Grade 10,Locally Developed Compulsory Course
B67032,London District Catholic School Board,SBM38,Biotechnology,Grade 11,University/College Preparation (Grade 11 & 12 level LDC)
B67032,London District Catholic School Board,SNC1L,Science,Grade 9,Locally Developed Compulsory Course
B67032,London District Catholic School Board,SNC2L,Science,Grade 10,Locally Developed Compulsory Course
B28037,Near North DSB,CHC2L,Canadian History,Grade 10,Locally Developed Compulsory Course
B28037,Near North DSB,ENG1L,English,Grade 9,Locally Developed Compulsory Course
B28037,Near North DSB,ENG2L,English,Grade 10,Locally Developed Compulsory Course
B28037,Near North DSB,FSF14,French,Grade 9,"Compulsory English, Francais, Math or Science (Grade 9 & 10"
B28037,Near North DSB,MAT1L,Mathematics,Grade 9,Locally Developed Compulsory Course
B28037,Near North DSB,MAT2L,Mathematics,Grade 10,Locally Developed Compulsory Course
B28037,Near North DSB,SNC1L,Science,Grade 9,Locally Developed Compulsory Course
B28037,Near North DSB,SNC2L,Science,Grade 10,Locally Developed Compulsory Course
B67156,Niagara CDSB,CHC2L,Canadian History,Grade 10,Locally Developed Compulsory Course
B67156,Niagara CDSB,ENG1L,English,Grade 9,Locally Developed Compulsory Course
B67156,Niagara CDSB,ENG2L,English,Grade 10,Locally Developed Compulsory Course
B67156,Niagara CDSB,FSF14,French,Grade 9,"Compulsory English, Francais, Math or Science (Grade 9 & 10"
B67156,Niagara CDSB,MAT1L,Mathematics,Grade 9,Locally Developed Compulsory Course
B67156,Niagara CDSB,MAT2L,Mathematics,Grade 10,Locally Developed Compulsory Course
B67156,Niagara CDSB,SNC1L,Science,Grade 9,Locally Developed Compulsory Course
B29017,Nipissing-Parry Sound CDSB,CHC2L,Canadian History,Grade 10,Locally Developed Compulsory Course
B29017,Nipissing-Parry Sound CDSB,ENG1L,English,Grade 9,Locally Developed Compulsory Course
B29017,Nipissing-Parry Sound CDSB,ENG2L,English,Grade 10,Locally Developed Compulsory Course
B29017,Nipissing-Parry Sound CDSB,MAT1L,Mathematics,Grade 9,Locally Developed Compulsory Course
B29017,Nipissing-Parry Sound CDSB,MAT2L,Mathematics,Grade 10,Locally Developed Compulsory Course
B29017,Nipissing-Parry Sound CDSB,SNC1L,Science,Grade 9,Locally Developed Compulsory Course
B29017,Nipissing-Parry Sound CDSB,SNC2L,Science,Grade 10,Locally Developed Compulsory Course
B29009,Northeastern CDSB,CHC2L,Canadian History,Grade 10,Locally Developed Compulsory Course
B29009,Northeastern CDSB,ENG1L,English,Grade 9,Locally Developed Compulsory Course
B29009,Northeastern CDSB,ENG2L,English,Grade 10,Locally Developed Compulsory Course
B29009,Northeastern CDSB,MAT1L,Mathematics,Grade 9,Locally Developed Compulsory Course
B29009,Northeastern CDSB,MAT2L,Mathematics,Grade 10,Locally Developed Compulsory Course
B29009,Northeastern CDSB,SNC1L,Science,Grade 9,Locally Developed Compulsory Course
B29009,Northeastern CDSB,SNC2L,Science,Grade 10,Locally Developed Compulsory Course
B67180,Ottawa CDSB,CHC2L,Canadian History,Grade 10,Locally Developed Compulsory Course
B67180,Ottawa CDSB,ENG1L,English,Grade 9,Locally Developed Compulsory Course
B67180,Ottawa CDSB,ENG2L,English,Grade 10,Locally Developed Compulsory Course
B67180,Ottawa CDSB,FSF14,French,Grade 9,"Compulsory English, Francais, Math or Science (Grade 9 & 10"
B67180,Ottawa CDSB,MAT1L,Mathematics,Grade 9,Locally Developed Compulsory Course
B67180,Ottawa CDSB,MAT2L,Mathematics,Grade 10,Locally Developed Compulsory Course
B67180,Ottawa CDSB,SNC1L,Science,Grade 9,Locally Developed Compulsory Course
B67180,Ottawa CDSB,SNC2L,Science,Grade 10,Locally Developed Compulsory Course
B66184,Ottawa-Carleton DSB,CHC2L,Canadian History,Grade 10,Locally Developed Compulsory Course
B66184,Ottawa-Carleton DSB,ENG1L,English,Grade 9,Locally Developed Compulsory Course
B66184,Ottawa-Carleton DSB,ENG2L,English,Grade 10,Locally Developed Compulsory Course
B66184,Ottawa-Carleton DSB,MAT1L,Mathematics,Grade 9,Locally Developed Compulsory Course
B66184,Ottawa-Carleton DSB,MAT2L,Mathematics,Grade 10,Locally Developed Compulsory Course
B66184,Ottawa-Carleton DSB,SNC1L,Science,Grade 9,Locally Developed Compulsory Course
B66184,Ottawa-Carleton DSB,SNC2L,Science,Grade 10,Locally Developed Compulsory Course
B66125,Peel DSB,CAS33,History of Africa and Peoples of African Descent,Grade 11,Open (Grade 9 & 10 level LDC)
B66125,Peel DSB,CHC2L,Canadian History,Grade 10,Locally Developed Compulsory Course
B66125,Peel DSB,CHG38,Genocide and Crimes Against Humanity,Grade 11,University/College Preparation (Grade 11 & 12 level LDC)
B66125,Peel DSB,ENG1L,English,Grade 9,Locally Developed Compulsory Course
B66125,Peel DSB,ENG2L,English,Grade 10,Locally Developed Compulsory Course
B66125,Peel DSB,MAT1L,Mathematics,Grade 9,Locally Developed Compulsory Course
B66125,Peel DSB,MAT2L,Mathematics,Grade 10,Locally Developed Compulsory Course
B66125,Peel DSB,SNC1L,Science,Grade 9,Locally Developed Compulsory Course
B66125,Peel DSB,SNC2L,Science,Grade 10,Locally Developed Compulsory Course
B66125,Peel DSB,TCH23,Environmental Systems,Grade 10,Open (Grade 9 & 10 level LDC)
B66125,Peel DSB,TCH36,Environmental Systems,Grade 11,College Preparation (Grade 11 & 12 level LDC)
B66125,Peel DSB,TCH46,Environmental Systems,Grade 12,College Preparation (Grade 11 & 12 level LDC)
B66125,Peel DSB,TEE46,Electrical Control for Environmental Systems,Grade 12,College Preparation (Grade 11 & 12 level LDC)
B66125,Peel DSB,TEH46,Environmental Systems,Grade 12,College Preparation (Grade 11 & 12 level LDC)
B67067,Peterborough Victoria Northum Clarington CDSB,CHC2L,Canadian History,Grade 10,Locally Developed Compulsory Course
B67067,Peterborough Victoria Northum Clarington CDSB,ENG1L,English,Grade 9,Locally Developed Compulsory Course
B67067,Peterborough Victoria Northum Clarington CDSB,ENG2L,English,Grade 10,Locally Developed Compulsory Course
B67067,Peterborough Victoria Northum Clarington CDSB,MAT1L,Mathematics,Grade 9,Locally Developed Compulsory Course
B67067,Peterborough Victoria Northum Clarington CDSB,MAT2L,Mathematics,Grade 10,Locally Developed Compulsory Course
B67067,Peterborough Victoria Northum Clarington CDSB,SNC1L,Science,Grade 9,Locally Developed Compulsory Course
B28029,Rainbow DSB,CHC2L,Canadian History,Grade 10,Locally Developed Compulsory Course
B28029,Rainbow DSB,ENG1L,English,Grade 9,Locally Developed Compulsory Course
B28029,Rainbow DSB,ENG2L,English,Grade 10,Locally Developed Compulsory Course
B28029,Rainbow DSB,FSF14,French,Grade 9,"Compulsory English, Francais, Math or Science (Grade 9 & 10"
B28029,Rainbow DSB,MAT1L,Mathematics,Grade 9,Locally Developed Compulsory Course
B28029,Rainbow DSB,MAT2L,Mathematics,Grade 10,Locally Developed Compulsory Course
B28029,Rainbow DSB,SGM35,Introduction to Mining,Grade 11,Workplace Preparation (Grade 11 & 12 level LDC)
B28029,Rainbow DSB,SGM38,Introduction to Mining,Grade 11,University/College Preparation (Grade 11 & 12 level LDC)
B28029,Rainbow DSB,SNC1L,Science,Grade 9,Locally Developed Compulsory Course
B28029,Rainbow DSB,SNC2L,Science,Grade 10,Locally Developed Compulsory Course
B28053,Rainy River DSB,CHC2L,Canadian History,Grade 10,Locally Developed Compulsory Course
B28053,Rainy River DSB,CHL2L,History,Grade 10,Locally Developed Compulsory Course
B28053,Rainy River DSB,ENG1L,English,Grade 9,Locally Developed Compulsory Course
B28053,Rainy River DSB,ENG2L,English,Grade 10,Locally Developed Compulsory Course
B28053,Rainy River DSB,FSF14,French,Grade 9,"Compulsory English, Francais, Math or Science (Grade 9 & 10"
B28053,Rainy River DSB,MAT1L,Mathematics,Grade 9,Locally Developed Compulsory Course
B28053,Rainy River DSB,MAT2L,Mathematics,Grade 10,Locally Developed Compulsory Course
B28053,Rainy River DSB,SNC1L,Science,Grade 9,Locally Developed Compulsory Course
B28053,Rainy River DSB,SNC2L,Science,Grade 10,Locally Developed Compulsory Course
B67199,Renfrew County CDSB,CHC2L,Canadian History,Grade 10,Locally Developed Compulsory Course
B67199,Renfrew County CDSB,EAE2L,English,Grade 10,Locally Developed Compulsory Course
B67199,Renfrew County CDSB,ENG1L,English,Grade 9,Locally Developed Compulsory Course
B67199,Renfrew County CDSB,ENG2L,English,Grade 10,Locally Developed Compulsory Course
B67199,Renfrew County CDSB,MAT1L,Mathematics,Grade 9,Locally Developed Compulsory Course
B67199,Renfrew County CDSB,MAT2L,Mathematics,Grade 10,Locally Developed Compulsory Course
B67199,Renfrew County CDSB,SNC1L,Science,Grade 9,Locally Developed Compulsory Course
B67199,Renfrew County CDSB,SNC2L,Science,Grade 10,Locally Developed Compulsory Course
B66214,Renfrew County DSB,CHC2L,Canadian History,Grade 10,Locally Developed Compulsory Course
B66214,Renfrew County DSB,ENG1L,English,Grade 9,Locally Developed Compulsory Course
B66214,Renfrew County DSB,ENG2L,English,Grade 10,Locally Developed Compulsory Course
B66214,Renfrew County DSB,MAT1L,Mathematics,Grade 9,Locally Developed Compulsory Course
B66214,Renfrew County DSB,MAT2L,Mathematics,Grade 10,Locally Developed Compulsory Course
B66214,Renfrew County DSB,SNC1L,Science,Grade 9,Locally Developed Compulsory Course
B66214,Renfrew County DSB,SNC2L,Science,Grade 10,Locally Developed Compulsory Course
B66109,Simcoe County DSB,CHC2L,Canadian History,Grade 10,Locally Developed Compulsory Course
B66109,Simcoe County DSB,ENG1L,English,Grade 9,Locally Developed Compulsory Course
B66109,Simcoe County DSB,ENG2L,English,Grade 10,Locally Developed Compulsory Course
B66109,Simcoe County DSB,FSF14,French,Grade 9,"Compulsory English, Francais, Math or Science (Grade 9 & 10"
B66109,Simcoe County DSB,MAT1L,Mathematics,Grade 9,Locally Developed Compulsory Course
B66109,Simcoe County DSB,MAT2L,Mathematics,Grade 10,Locally Developed Compulsory Course
B66109,Simcoe County DSB,SNC1L,Science,Grade 9,Locally Developed Compulsory Course
B66109,Simcoe County DSB,SNC2L,Science,Grade 10,Locally Developed Compulsory Course
B67091,Simcoe Muskoka CDSB,CHC2L,Canadian History,Grade 10,Locally Developed Compulsory Course
B67091,Simcoe Muskoka CDSB,ENG1L,English,Grade 9,Locally Developed Compulsory Course
B67091,Simcoe Muskoka CDSB,ENG2L,English,Grade 10,Locally Developed Compulsory Course
B67091,Simcoe Muskoka CDSB,MAT1L,Mathematics,Grade 9,Locally Developed Compulsory Course
B67091,Simcoe Muskoka CDSB,MAT2L,Mathematics,Grade 10,Locally Developed Compulsory Course
B67091,Simcoe Muskoka CDSB,SNC1L,Science,Grade 9,Locally Developed Compulsory Course
B67091,Simcoe Muskoka CDSB,SNC2L,Science,Grade 10,Locally Developed Compulsory Course
B67040,St Clair CDSB,CHC2L,Canadian History,Grade 10,Locally Developed Compulsory Course
B67040,St Clair CDSB,ENG1L,English,Grade 9,Locally Developed Compulsory Course
B67040,St Clair CDSB,ENG2L,English,Grade 10,Locally Developed Compulsory Course
B67040,St Clair CDSB,MAT1L,Mathematics,Grade 9,Locally Developed Compulsory Course
B67040,St Clair CDSB,MAT2L,Mathematics,Grade 10,Locally Developed Compulsory Course
B67040,St Clair CDSB,SNC1L,Science,Grade 9,Locally Developed Compulsory Course
B67040,St Clair CDSB,SNC2L,Science,Grade 10,Locally Developed Compulsory Course
B29033,Sudbury CDSB,CHC2L,Canadian History,Grade 10,Locally Developed Compulsory Course
B29033,Sudbury CDSB,ENG1L,English,Grade 9,Locally Developed Compulsory Course
B29033,Sudbury CDSB,ENG2L,English,Grade 10,Locally Developed Compulsory Course
B29033,Sudbury CDSB,MAT1L,Mathematics,Grade 9,Locally Developed Compulsory Course
B29033,Sudbury CDSB,MAT2L,Mathematics,Grade 10,Locally Developed Compulsory Course
B29033,Sudbury CDSB,SNC1L,Science,Grade 9,Locally Developed Compulsory Course
B29033,Sudbury CDSB,SNC2L,Science,Grade 10,Locally Developed Compulsory Course
B28070,Superior-Greenstone DSB,CHC2L,Canadian History,Grade 10,Locally Developed Compulsory Course
B28070,Superior-Greenstone DSB,ENG1L,English,Grade 9,Locally Developed Compulsory Course
B28070,Superior-Greenstone DSB,ENG2L,English,Grade 10,Locally Developed Compulsory Course
B28070,Superior-Greenstone DSB,FSF14,French,Grade 9,"Compulsory English, Francais, Math or Science (Grade 9 & 10"
B28070,Superior-Greenstone DSB,MAT1L,Mathematics,Grade 9,Locally Developed Compulsory Course
B28070,Superior-Greenstone DSB,MAT2L,Mathematics,Grade 10,Locally Developed Compulsory Course
B28070,Superior-Greenstone DSB,SNC1L,Science,Grade 9,Locally Developed Compulsory Course
B28070,Superior-Greenstone DSB,SNC2L,Science,Grade 10,Locally Developed Compulsory Course
B66044,Thames Valley DSB,CHC2L,Canadian History,Grade 10,Locally Developed Compulsory Course
B66044,Thames Valley DSB,ENG1L,English,Grade 9,Locally Developed Compulsory Course
B66044,Thames Valley DSB,ENG2L,English,Grade 10,Locally Developed Compulsory Course
B66044,Thames Valley DSB,FSF14,French,Grade 9,"Compulsory English, Francais, Math or Science (Grade 9 & 10"
B66044,Thames Valley DSB,MAT1L,Mathematics,Grade 9,Locally Developed Compulsory Course
B66044,Thames Valley DSB,MAT2L,Mathematics,Grade 10,Locally Developed Compulsory Course
B66044,Thames Valley DSB,SNC1L,Science,Grade 9,Locally Developed Compulsory Course
B66044,Thames Valley DSB,SNC2L,Science,Grade 10,Locally Developed Compulsory Course
B29068,Thunder Bay CDSB,CHC2L,Canadian History,Grade 10,Locally Developed Compulsory Course
B29068,Thunder Bay CDSB,ENG1L,English,Grade 9,Locally Developed Compulsory Course
B29068,Thunder Bay CDSB,ENG2L,English,Grade 10,Locally Developed Compulsory Course
B29068,Thunder Bay CDSB,FSF14,French,Grade 9,"Compulsory English, Francais, Math or Science (Grade 9 & 10"
B29068,Thunder Bay CDSB,MAT1L,Mathematics,Grade 9,Locally Developed Compulsory Course
B29068,Thunder Bay CDSB,MAT2L,Mathematics,Grade 10,Locally Developed Compulsory Course
B29068,Thunder Bay CDSB,NDE23,Aboriginal Transitions,Grade 10,Open (Grade 9 & 10 level LDC)
B29068,Thunder Bay CDSB,SNC1L,Science,Grade 9,Locally Developed Compulsory Course
B29068,Thunder Bay CDSB,SNC2L,Science,Grade 10,Locally Developed Compulsory Course
B67059,Toronto CDSB,CHC2L,Canadian History,Grade 10,Locally Developed Compulsory Course
B67059,Toronto CDSB,ENG1L,English,Grade 9,Locally Developed Compulsory Course
B67059,Toronto CDSB,ENG2L,English,Grade 10,Locally Developed Compulsory Course
B67059,Toronto CDSB,LDVB1,Tigrigna,Level 2,Academic (Grade 9 & 10 level LDC)
B67059,Toronto CDSB,LDVC3,Tigrigna,Level 3,Open (Grade 9 & 10 level LDC)
B67059,Toronto CDSB,MAT1L,Mathematics,Grade 9,Locally Developed Compulsory Course
B67059,Toronto CDSB,MAT2L,Mathematics,Grade 10,Locally Developed Compulsory Course
B67059,Toronto CDSB,SNC1L,Science,Grade 9,Locally Developed Compulsory Course
B67059,Toronto CDSB,SNC2L,Science,Grade 10,Locally Developed Compulsory Course
B66052,Toronto DSB,CAS33,History of Africa and Peoples of African Descent,Grade 11,Open (Grade 9 & 10 level LDC)
B66052,Toronto DSB,CHC2L,Canadian History,Grade 10,Locally Developed Compulsory Course
B66052,Toronto DSB,CHG38,Genocide and Crimes Against Humanity,Grade 11,University/College Preparation (Grade 11 & 12 level LDC)
B66052,Toronto DSB,EAE2L,English,Grade 10,Locally Developed Compulsory Course
B66052,Toronto DSB,ENG1L,English,Grade 9,Locally Developed Compulsory Course
B66052,Toronto DSB,ENG23,English,Grade 10,Open (Grade 9 & 10 level LDC)
B66052,Toronto DSB,ENG2L,English,Grade 10,Locally Developed Compulsory Course
B66052,Toronto DSB,MAT1L,Mathematics,Grade 9,Locally Developed Compulsory Course
B66052,Toronto DSB,MAT23,Mathematics,Grade 10,Open (Grade 9 & 10 level LDC)
B66052,Toronto DSB,MAT2L,Mathematics,Grade 10,Locally Developed Compulsory Course
B66052,Toronto DSB,PES33,Coaching: The Art of Coaching,Grade 11,Open (Grade 9 & 10 level LDC)
B66052,Toronto DSB,SNC1L,Science,Grade 9,Locally Developed Compulsory Course
B66052,Toronto DSB,SNC23,SCIENCE,Grade 10,Open (Grade 9 & 10 level LDC)
B66052,Toronto DSB,SNC2L,Science,Grade 10,Locally Developed Compulsory Course
B66052,Toronto DSB,THL35,Landscape Technologies,Grade 11,Workplace Preparation (Grade 11 & 12 level LDC)
B66052,Toronto DSB,THL45,Landscape Technologies Workplace,Grade 12,Workplace Preparation (Grade 11 & 12 level LDC)
B66087,Trillium Lakelands DSB,CHC2L,Canadian History,Grade 10,Locally Developed Compulsory Course
B66087,Trillium Lakelands DSB,ENG1L,English,Grade 9,Locally Developed Compulsory Course
B66087,Trillium Lakelands DSB,ENG2L,English,Grade 10,Locally Developed Compulsory Course
B66087,Trillium Lakelands DSB,MAT1L,Mathematics,Grade 9,Locally Developed Compulsory Course
B66087,Trillium Lakelands DSB,MAT2L,Mathematics,Grade 10,Locally Developed Compulsory Course
B66087,Trillium Lakelands DSB,SNC1L,Science,Grade 9,Locally Developed Compulsory Course
B66087,Trillium Lakelands DSB,SNC2L,Science,Grade 10,Locally Developed Compulsory Course
B66192,Upper Canada DSB,CHC2L,Canadian History,Grade 10,Locally Developed Compulsory Course
B66192,Upper Canada DSB,ENG1L,English,Grade 9,Locally Developed Compulsory Course
B66192,Upper Canada DSB,ENG2L,English,Grade 10,Locally Developed Compulsory Course
B66192,Upper Canada DSB,MAT1L,Mathematics,Grade 9,Locally Developed Compulsory Course
B66192,Upper Canada DSB,MAT2L,Mathematics,Grade 10,Locally Developed Compulsory Course
B66192,Upper Canada DSB,SNC1L,Science,Grade 9,Locally Developed Compulsory Course
B66192,Upper Canada DSB,SNC2L,Science,Grade 10,Locally Developed Compulsory Course
B66117,Upper Grand DSB,CHC2L,Canadian History,Grade 10,Locally Developed Compulsory Course
B66117,Upper Grand DSB,EAE2L,English,Grade 10,Locally Developed Compulsory Course
B66117,Upper Grand DSB,ENG1L,English,Grade 9,Locally Developed Compulsory Course
B66117,Upper Grand DSB,ENG2L,English,Grade 10,Locally Developed Compulsory Course
B66117,Upper Grand DSB,FSF14,French,Grade 9,"Compulsory English, Francais, Math or Science (Grade 9 & 10"
B66117,Upper Grand DSB,MAT1L,Mathematics,Grade 9,Locally Developed Compulsory Course
B66117,Upper Grand DSB,MAT2L,Mathematics,Grade 10,Locally Developed Compulsory Course
B66117,Upper Grand DSB,SNC1L,Science,Grade 9,Locally Developed Compulsory Course
B66117,Upper Grand DSB,SNC2L,Science,Grade 10,Locally Developed Compulsory Course
B67148,Waterloo CDSB,CHC2L,Canadian History,Grade 10,Locally Developed Compulsory Course
B67148,Waterloo CDSB,ENG1L,English,Grade 9,Locally Developed Compulsory Course
B67148,Waterloo CDSB,ENG2L,English,Grade 10,Locally Developed Compulsory Course
B67148,Waterloo CDSB,FSF14,French,Grade 9,"Compulsory English, Francais, Math or Science (Grade 9 & 10"
B67148,Waterloo CDSB,MAT1L,Mathematics,Grade 9,Locally Developed Compulsory Course
B67148,Waterloo CDSB,MAT2L,Mathematics,Grade 10,Locally Developed Compulsory Course
B67148,Waterloo CDSB,SNC1L,Science,Grade 9,Locally Developed Compulsory Course
B67148,Waterloo CDSB,SNC2L,Science,Grade 10,Locally Developed Compulsory Course
B66176,Waterloo Region DSB,CGL23,Sustainable Living,Grade 10,Open (Grade 9 & 10 level LDC)
B66176,Waterloo Region DSB,CHC2L,Canadian History,Grade 10,Locally Developed Compulsory Course
B66176,Waterloo Region DSB,CHG33,Crimes Against Humanity: Historical and Contemporary Implications,Grade 11,Open (Grade 9 & 10 level LDC)
B66176,Waterloo Region DSB,ENG1L,English,Grade 9,Locally Developed Compulsory Course
B66176,Waterloo Region DSB,ENG2L,English,Grade 10,Locally Developed Compulsory Course
B66176,Waterloo Region DSB,FSF14,French,Grade 9,"Compulsory English, Francais, Math or Science (Grade 9 & 10"
B66176,Waterloo Region DSB,MAT1L,Mathematics,Grade 9,Locally Developed Compulsory Course
B66176,Waterloo Region DSB,MAT2L,Mathematics,Grade 10,Locally Developed Compulsory Course
B66176,Waterloo Region DSB,SNC1L,Science,Grade 9,Locally Developed Compulsory Course
B66176,Waterloo Region DSB,SNC2L,Science,Grade 10,Locally Developed Compulsory Course
B67130,Wellington CDSB,CHC2L,Canadian History,Grade 10,Locally Developed Compulsory Course
B67130,Wellington CDSB,ENG1L,English,Grade 9,Locally Developed Compulsory Course
B67130,Wellington CDSB,ENG2L,English,Grade 10,Locally Developed Compulsory Course
B67130,Wellington CDSB,MAT1L,Mathematics,Grade 9,Locally Developed Compulsory Course
B67130,Wellington CDSB,MAT2L,Mathematics,Grade 10,Locally Developed Compulsory Course
B67130,Wellington CDSB,SNC1L,Science,Grade 9,Locally Developed Compulsory Course
B67130,Wellington CDSB,SNC2L,Science,Grade 10,Locally Developed Compulsory Course
B67024,Windsor-Essex CDSB,CAS3O,History of Africa and Peoples of African Descent,Grade 11,Open (Grade 9 - 12 level)
B67024,Windsor-Essex CDSB,CHC2L,Canadian History,Grade 10,Locally Developed Compulsory Course
B67024,Windsor-Essex CDSB,ENG1L,English,Grade 9,Locally Developed Compulsory Course
B67024,Windsor-Essex CDSB,ENG2L,English,Grade 10,Locally Developed Compulsory Course
B67024,Windsor-Essex CDSB,MAT1L,Mathematics,Grade 9,Locally Developed Compulsory Course
B67024,Windsor-Essex CDSB,MAT2L,Mathematics,Grade 10,Locally Developed Compulsory Course
B67024,Windsor-Essex CDSB,SNC1L,Science,Grade 9,Locally Developed Compulsory Course
B67024,Windsor-Essex CDSB,SNC2L,Science,Grade 10,Locally Developed Compulsory Course
B67075,York CDSB,CHC2L,Canadian History,Grade 10,Locally Developed Compulsory Course
B67075,York CDSB,ENG1L,English,Grade 9,Locally Developed Compulsory Course
B67075,York CDSB,ENG2L,English,Grade 10,Locally Developed Compulsory Course
B67075,York CDSB,FSF14,French,Grade 9,"Compulsory English, Francais, Math or Science (Grade 9 & 10"
B67075,York CDSB,MAT1L,Mathematics,Grade 9,Locally Developed Compulsory Course
B67075,York CDSB,MAT2L,Mathematics,Grade 10,Locally Developed Compulsory Course
B67075,York CDSB,SNC1L,Science,Grade 9,Locally Developed Compulsory Course
B67075,York CDSB,SNC2L,Science,Grade 10,Locally Developed Compulsory Course
B66095,York Region DSB,CHC2L,Canadian History,Grade 10,Locally Developed Compulsory Course
B66095,York Region DSB,ENG1L,English,Grade 9,Locally Developed Compulsory Course
B66095,York Region DSB,ENG2L,English,Grade 10,Locally Developed Compulsory Course
B66095,York Region DSB,MAT1L,Mathematics,Grade 9,Locally Developed Compulsory Course
B66095,York Region DSB,MAT2L,Mathematics,Grade 10,Locally Developed Compulsory Course
B66095,York Region DSB,SNC1L,Science,Grade 9,Locally Developed Compulsory Course
B66095,York Region DSB,SNC2L,Science,Grade 10,Locally Developed Compulsory Course
